?, 1, 17.11809565095832
×, 1, 17.11809565095832
Η, 1, 17.11809565095832
Κ, 1, 17.11809565095832
Λ, 1, 17.11809565095832
Μ, 1, 17.11809565095832
Ν, 1, 17.11809565095832
Ξ, 1, 17.11809565095832
Ο, 1, 17.11809565095832
Ρ, 1, 17.11809565095832
Φ, 1, 17.11809565095832
ω, 1, 17.11809565095832
’, 1, 34.23619130191664
“, 1, 17.11809565095832
”, 1, 17.11809565095832
…, 2, 17.11809565095832
′, 1, 17.11809565095832
※, 1, 17.11809565095832
←, 2, 17.11809565095832
↑, 1, 17.11809565095832
→, 1, 17.11809565095832
↓, 1, 17.11809565095832
■, 1, 17.11809565095832
□, 1, 17.11809565095832
▲, 1, 17.11809565095832
▼, 1, 17.11809565095832
▽, 2, 17.11809565095832
◆, 1, 17.11809565095832
○, 1, 17.11809565095832
★, 1, 17.11809565095832
☆, 1, 17.11809565095832
　, 1, 34.23619130191664
、, 4, 17.11809565095832
。, 2, 17.11809565095832
《, 1, 17.11809565095832
「, 1, 17.11809565095832
」, 1, 34.23619130191664
『, 1, 17.11809565095832
』, 1, 17.11809565095832
【, 1, 17.11809565095832
】, 1, 17.11809565095832
〒, 1, 34.23619130191664
あ, 1, 17.11809565095832
ああ, 2, 17.11809565095832
あう, 1, 17.11809565095832
あかり, 1, 17.11809565095832
あかん, 1, 17.11809565095832
あきる, 1, 17.11809565095832
あくまで, 1, 17.11809565095832
あげる, 1, 17.11809565095832
あこがれ, 1, 17.11809565095832
あそぶ, 1, 17.11809565095832
あたり, 1, 17.11809565095832
あつい, 1, 17.11809565095832
あてる, 1, 17.11809565095832
あと, 1, 17.11809565095832
あなた, 1, 17.11809565095832
あの, 1, 17.11809565095832
あまり, 1, 17.11809565095832
あまる, 1, 17.11809565095832
あみ, 1, 17.11809565095832
あらかじめ, 1, 17.11809565095832
あらゆる, 1, 17.11809565095832
ありがたい, 1, 17.11809565095832
ありがとう, 1, 17.11809565095832
ありったけ, 1, 17.11809565095832
ありのまま, 1, 17.11809565095832
ある, 1, 17.11809565095832
ある程度, 1, 17.11809565095832
あれ, 1, 34.23619130191664
あわよくば, 1, 17.11809565095832
あんま, 1, 17.11809565095832
あんまり, 1, 17.11809565095832
あー, 1, 17.11809565095832
いいかげん, 1, 17.11809565095832
いう, 1, 17.11809565095832
いえる, 1, 17.11809565095832
いかん, 1, 17.11809565095832
いきなり, 1, 17.11809565095832
いく, 1, 17.11809565095832
いくつ, 1, 17.11809565095832
いける, 1, 17.11809565095832
いじる, 1, 17.11809565095832
いたす, 1, 17.11809565095832
いただく, 1, 17.11809565095832
いただける, 1, 17.11809565095832
いったん, 1, 17.11809565095832
いってき, 1, 17.11809565095832
いっぱい, 1, 17.11809565095832
いつ, 1, 17.11809565095832
いつも, 1, 17.11809565095832
いとこ, 1, 17.11809565095832
いのる, 1, 17.11809565095832
いまだ, 1, 17.11809565095832
いや, 1, 17.11809565095832
いやいや, 1, 17.11809565095832
いよいよ, 1, 17.11809565095832
いらっしゃる, 1, 17.11809565095832
いる, 1, 17.11809565095832
いれる, 1, 17.11809565095832
いろいろ, 1, 17.11809565095832
いろんな, 1, 17.11809565095832
う, 1, 17.11809565095832
うかれる, 1, 17.11809565095832
うごく, 1, 34.23619130191664
うさぎ, 1, 34.23619130191664
うち, 1, 17.11809565095832
うっかり, 1, 17.11809565095832
うとうと, 1, 17.11809565095832
うなる, 1, 17.11809565095832
うまい, 2, 17.11809565095832
うまる, 1, 17.11809565095832
うれしい, 1, 17.11809565095832
うわ, 1, 17.11809565095832
うーん, 1, 17.11809565095832
え, 1, 17.11809565095832
えっ, 1, 17.11809565095832
えー, 1, 17.11809565095832
お, 1, 17.11809565095832
おいしい, 1, 17.11809565095832
おう, 1, 17.11809565095832
おお, 1, 17.11809565095832
おおまか, 1, 17.11809565095832
おかけ, 1, 17.11809565095832
おきる, 1, 17.11809565095832
おく, 1, 17.11809565095832
おこし, 1, 17.11809565095832
おこなう, 1, 17.11809565095832
おし, 1, 17.11809565095832
おしゃか, 1, 17.11809565095832
おしゃれ, 1, 17.11809565095832
おじさん, 1, 17.11809565095832
おそい, 1, 17.11809565095832
おっ, 1, 17.11809565095832
おなか, 1, 17.11809565095832
おなじみ, 1, 17.11809565095832
おはよう, 1, 17.11809565095832
おば, 1, 17.11809565095832
おばあさん, 1, 51.35428695287496
おめでとう, 1, 17.11809565095832
おもう, 1, 17.11809565095832
および, 1, 17.11809565095832
おる, 1, 17.11809565095832
おわる, 1, 17.11809565095832
おんなじ, 1, 17.11809565095832
お世話, 1, 17.11809565095832
お伝え, 1, 17.11809565095832
お前, 1, 17.11809565095832
お力, 1, 17.11809565095832
お客様, 1, 17.11809565095832
お待ち, 1, 17.11809565095832
お手数, 1, 17.11809565095832
お母さん, 1, 17.11809565095832
お気, 1, 17.11809565095832
お父さん, 1, 17.11809565095832
お疲れさま, 1, 17.11809565095832
お知らせ, 1, 17.11809565095832
お祝い, 1, 17.11809565095832
お菓子, 1, 17.11809565095832
お話, 1, 17.11809565095832
お部屋, 1, 17.11809565095832
お金, 1, 17.11809565095832
お鍋, 1, 17.11809565095832
お願い, 1, 17.11809565095832
か, 2, 17.11809565095832
かぁ, 1, 17.11809565095832
かい, 1, 17.11809565095832
かう, 1, 17.11809565095832
かえって, 1, 17.11809565095832
かえる, 1, 17.11809565095832
かかりつけ, 1, 17.11809565095832
かかる, 1, 17.11809565095832
かかれる, 1, 17.11809565095832
かく, 1, 17.11809565095832
かける, 1, 17.11809565095832
かけ算, 1, 17.11809565095832
かぜ, 1, 17.11809565095832
かたち, 1, 17.11809565095832
かなう, 1, 17.11809565095832
かなり, 1, 17.11809565095832
かむ, 1, 17.11809565095832
かも, 1, 17.11809565095832
から, 1, 17.11809565095832
かれこれ, 1, 17.11809565095832
かわいい, 1, 17.11809565095832
かわく, 1, 17.11809565095832
かん, 1, 17.11809565095832
かんじる, 1, 17.11809565095832
が, 2, 17.11809565095832
がた, 1, 17.11809565095832
がつがつ, 1, 17.11809565095832
がる, 1, 17.11809565095832
がんばる, 1, 17.11809565095832
き, 1, 17.11809565095832
きせる, 1, 17.11809565095832
きっと, 1, 17.11809565095832
きぬよ, 1, 17.11809565095832
きる, 1, 17.11809565095832
きれい, 1, 17.11809565095832
きん, 1, 17.11809565095832
く, 1, 17.11809565095832
くし, 1, 17.11809565095832
くず, 1, 17.11809565095832
くそ, 1, 17.11809565095832
くださる, 1, 17.11809565095832
くっさく, 1, 17.11809565095832
くらい, 1, 17.11809565095832
くる, 1, 17.11809565095832
くるり, 1, 17.11809565095832
くれる, 2, 17.11809565095832
くろい, 1, 17.11809565095832
くん, 1, 17.11809565095832
ぐちゃぐちゃ, 1, 17.11809565095832
ぐらい, 1, 17.11809565095832
ぐるみ, 1, 17.11809565095832
け, 1, 17.11809565095832
けっこう, 1, 17.11809565095832
けど, 1, 17.11809565095832
けども, 1, 68.47238260383328
けれど, 1, 17.11809565095832
けれども, 1, 17.11809565095832
げ, 1, 17.11809565095832
こ, 1, 17.11809565095832
こい, 1, 17.11809565095832
こいつ, 1, 17.11809565095832
こう, 1, 17.11809565095832
こういう, 1, 17.11809565095832
こくする, 1, 17.11809565095832
ここ, 1, 17.11809565095832
こたつ, 1, 17.11809565095832
こちら, 1, 17.11809565095832
こっち, 1, 17.11809565095832
こと, 2, 17.11809565095832
この, 1, 17.11809565095832
この上ない, 1, 17.11809565095832
この頃, 1, 17.11809565095832
こむ, 1, 17.11809565095832
これ, 1, 17.11809565095832
これから, 1, 17.11809565095832
こわい, 1, 17.11809565095832
こんな, 1, 17.11809565095832
ご, 1, 17.11809565095832
ござる, 1, 17.11809565095832
ごと, 1, 17.11809565095832
ごはん, 1, 17.11809565095832
ごみごみ, 1, 17.11809565095832
ごめんなさい, 1, 17.11809565095832
ご覧, 1, 17.11809565095832
ご飯, 1, 17.11809565095832
さ, 1, 17.11809565095832
さえ, 1, 17.11809565095832
さし, 1, 17.11809565095832
さすが, 1, 17.11809565095832
さっき, 1, 17.11809565095832
さっさと, 1, 17.11809565095832
さて, 1, 17.11809565095832
さぼる, 1, 17.11809565095832
さまざま, 1, 17.11809565095832
さみしい, 1, 17.11809565095832
さむい, 1, 17.11809565095832
さめる, 1, 17.11809565095832
さや, 1, 17.11809565095832
さらなる, 1, 17.11809565095832
さらに, 1, 17.11809565095832
さりげ, 1, 17.11809565095832
さん, 1, 17.11809565095832
し, 1, 17.11809565095832
しか, 1, 17.11809565095832
しかし, 1, 17.11809565095832
しかも, 1, 17.11809565095832
しずえ, 1, 17.11809565095832
したう, 1, 34.23619130191664
しっくり, 1, 17.11809565095832
しとる, 1, 17.11809565095832
しばらく, 1, 17.11809565095832
しまう, 1, 17.11809565095832
しめ, 1, 17.11809565095832
しめる, 1, 17.11809565095832
しゃべる, 1, 17.11809565095832
しょう, 1, 17.11809565095832
しょうが, 1, 17.11809565095832
しよう, 1, 17.11809565095832
しる, 1, 17.11809565095832
しれる, 1, 17.11809565095832
しわけ, 1, 17.11809565095832
じ, 1, 17.11809565095832
じっくり, 1, 17.11809565095832
じゃ, 2, 17.11809565095832
じゃあ, 1, 17.11809565095832
じゃう, 1, 17.11809565095832
じゃん, 1, 17.11809565095832
す, 1, 17.11809565095832
すかさず, 1, 17.11809565095832
すき, 1, 17.11809565095832
すぎ, 1, 17.11809565095832
すぎる, 1, 17.11809565095832
すく, 1, 17.11809565095832
すぐ, 1, 17.11809565095832
すける, 1, 17.11809565095832
すげる, 1, 17.11809565095832
すこし, 1, 17.11809565095832
すごい, 1, 17.11809565095832
すすめる, 1, 17.11809565095832
すっかり, 1, 17.11809565095832
すでに, 1, 17.11809565095832
すべて, 1, 17.11809565095832
すみれ, 1, 17.11809565095832
すら, 1, 17.11809565095832
する, 2, 17.11809565095832
すんません, 1, 17.11809565095832
ずっと, 1, 17.11809565095832
ずつ, 1, 17.11809565095832
せい, 1, 17.11809565095832
せがむ, 1, 17.11809565095832
せる, 1, 17.11809565095832
せん, 1, 17.11809565095832
ぜ, 2, 17.11809565095832
ぜひ, 1, 17.11809565095832
そ, 1, 17.11809565095832
そう, 1, 17.11809565095832
そうして, 1, 17.11809565095832
そこ, 1, 17.11809565095832
そこそこ, 1, 17.11809565095832
そこら, 1, 17.11809565095832
そっ, 1, 17.11809565095832
そっち, 1, 17.11809565095832
その, 1, 17.11809565095832
その後, 1, 17.11809565095832
そもそも, 1, 17.11809565095832
そりゃ, 1, 17.11809565095832
それ, 1, 17.11809565095832
それぞれ, 1, 17.11809565095832
それだけ, 1, 17.11809565095832
それで, 1, 17.11809565095832
それなり, 1, 17.11809565095832
そろう, 1, 17.11809565095832
そろそろ, 1, 17.11809565095832
そんな, 2, 17.11809565095832
そんなに, 1, 17.11809565095832
ぞ, 1, 17.11809565095832
た, 5, 17.11809565095832
たい, 1, 17.11809565095832
たいてい, 1, 17.11809565095832
たかる, 1, 17.11809565095832
たくさん, 1, 17.11809565095832
たくむ, 1, 17.11809565095832
たける, 1, 17.11809565095832
ただ, 2, 17.11809565095832
ただし, 1, 17.11809565095832
ただす, 1, 17.11809565095832
たち, 1, 17.11809565095832
たった, 1, 17.11809565095832
たって, 1, 17.11809565095832
たて, 1, 17.11809565095832
たてかける, 1, 17.11809565095832
たぬき, 1, 17.11809565095832
たぶ, 1, 17.11809565095832
たぶん, 1, 17.11809565095832
たべる, 1, 17.11809565095832
たまたま, 1, 17.11809565095832
たまに, 1, 17.11809565095832
ため, 1, 17.11809565095832
たり, 1, 17.11809565095832
たん, 1, 17.11809565095832
だ, 3, 17.11809565095832
だけ, 2, 17.11809565095832
だす, 1, 17.11809565095832
だって, 1, 17.11809565095832
だめ, 1, 17.11809565095832
だらける, 1, 17.11809565095832
だり, 1, 17.11809565095832
だるま, 1, 17.11809565095832
だれ, 1, 17.11809565095832
ちかい, 1, 17.11809565095832
ちがう, 1, 17.11809565095832
ちゃ, 1, 17.11809565095832
ちゃう, 1, 17.11809565095832
ちゃん, 3, 17.11809565095832
ちゃんと, 1, 17.11809565095832
ちょい, 1, 17.11809565095832
ちょうど, 1, 17.11809565095832
ちょっと, 1, 17.11809565095832
ちょっとした, 1, 17.11809565095832
ちらす, 1, 17.11809565095832
ちる, 1, 17.11809565095832
っけ, 1, 17.11809565095832
っす, 1, 17.11809565095832
って, 1, 17.11809565095832
っていう, 1, 17.11809565095832
ってな, 1, 17.11809565095832
つ, 1, 17.11809565095832
つい, 1, 17.11809565095832
ついていける, 1, 17.11809565095832
ついに, 1, 17.11809565095832
つかれる, 1, 17.11809565095832
つく, 1, 17.11809565095832
つくる, 1, 17.11809565095832
つける, 1, 17.11809565095832
つつ, 1, 17.11809565095832
つながり, 1, 17.11809565095832
つながる, 1, 17.11809565095832
つなげる, 1, 17.11809565095832
つもり, 1, 17.11809565095832
つよい, 1, 17.11809565095832
づくり, 1, 17.11809565095832
て, 4, 17.11809565095832
ていう, 1, 17.11809565095832
てか, 1, 17.11809565095832
てる, 1, 17.11809565095832
てわたす, 1, 17.11809565095832
てん, 1, 17.11809565095832
で, 1, 17.11809565095832
できる, 1, 17.11809565095832
できるだけ, 1, 17.11809565095832
です, 2, 17.11809565095832
では, 1, 17.11809565095832
でも, 2, 17.11809565095832
でる, 2, 17.11809565095832
と, 4, 34.23619130191664
という, 1, 17.11809565095832
とか, 1, 34.23619130191664
とかいう, 1, 17.11809565095832
とき, 1, 17.11809565095832
とく, 1, 17.11809565095832
とこ, 1, 17.11809565095832
ところ, 1, 17.11809565095832
ところが, 1, 17.11809565095832
として, 1, 17.11809565095832
とっても, 1, 17.11809565095832
とっぴ, 1, 17.11809565095832
とともに, 1, 17.11809565095832
とどく, 1, 17.11809565095832
とびだせる, 1, 17.11809565095832
とまどう, 1, 17.11809565095832
とまる, 1, 17.11809565095832
とも, 1, 17.11809565095832
とりあえず, 1, 17.11809565095832
とる, 1, 17.11809565095832
とれる, 1, 17.11809565095832
と共に, 1, 17.11809565095832
ど, 1, 34.23619130191664
どう, 1, 17.11809565095832
どうし, 1, 17.11809565095832
どうして, 1, 17.11809565095832
どうしても, 1, 17.11809565095832
どうせ, 1, 17.11809565095832
どうにも, 1, 17.11809565095832
どうのこうの, 1, 17.11809565095832
どこ, 1, 17.11809565095832
どころか, 1, 17.11809565095832
どちら, 1, 17.11809565095832
どっか, 1, 17.11809565095832
どなた, 1, 17.11809565095832
どの, 1, 17.11809565095832
どる, 1, 17.11809565095832
どれ, 1, 17.11809565095832
どん, 1, 17.11809565095832
どんどん, 1, 17.11809565095832
どんな, 1, 17.11809565095832
どんなに, 1, 17.11809565095832
な, 2, 17.11809565095832
なぁ, 1, 17.11809565095832
なあ, 1, 17.11809565095832
ない, 2, 17.11809565095832
なお, 1, 17.11809565095832
なおす, 1, 17.11809565095832
なおる, 1, 17.11809565095832
なか, 1, 17.11809565095832
なかなか, 1, 17.11809565095832
ながい, 1, 17.11809565095832
ながせる, 1, 17.11809565095832
ながら, 1, 17.11809565095832
なくなる, 1, 17.11809565095832
なぐ, 1, 17.11809565095832
なぜ, 1, 17.11809565095832
など, 1, 17.11809565095832
なに, 1, 17.11809565095832
なべ, 1, 17.11809565095832
なやむ, 1, 17.11809565095832
なら, 1, 17.11809565095832
なり, 1, 34.23619130191664
なる, 2, 17.11809565095832
なるほど, 1, 17.11809565095832
なれる, 1, 17.11809565095832
なん, 1, 17.11809565095832
なんか, 1, 17.11809565095832
なんだか, 1, 17.11809565095832
なんて, 1, 17.11809565095832
なんで, 1, 17.11809565095832
なんとも, 1, 17.11809565095832
なー, 1, 17.11809565095832
に, 1, 17.11809565095832
におい, 1, 17.11809565095832
について, 1, 17.11809565095832
にて, 1, 17.11809565095832
にとって, 1, 17.11809565095832
にやける, 1, 17.11809565095832
によって, 1, 17.11809565095832
により, 1, 17.11809565095832
による, 1, 17.11809565095832
にらむ, 1, 17.11809565095832
に対して, 1, 17.11809565095832
に関する, 1, 17.11809565095832
ぬ, 1, 34.23619130191664
ぬかす, 1, 17.11809565095832
ぬく, 1, 17.11809565095832
ぬける, 1, 17.11809565095832
ね, 1, 34.23619130191664
ねぇ, 1, 17.11809565095832
ねこ, 1, 17.11809565095832
ねむい, 1, 17.11809565095832
ねる, 1, 17.11809565095832
ねー, 1, 17.11809565095832
の, 3, 17.11809565095832
ので, 1, 17.11809565095832
のに, 1, 17.11809565095832
のみ, 1, 17.11809565095832
は, 2, 17.11809565095832
はぁ, 1, 17.11809565095832
はい, 1, 17.11809565095832
はいる, 1, 17.11809565095832
はじまる, 1, 17.11809565095832
はじめて, 1, 17.11809565095832
はず, 1, 17.11809565095832
はっきり, 1, 17.11809565095832
はてな, 1, 34.23619130191664
はとこ, 1, 17.11809565095832
はむ, 1, 17.11809565095832
はや, 1, 17.11809565095832
はやい, 1, 17.11809565095832
はる, 1, 17.11809565095832
ば, 1, 17.11809565095832
ばかり, 1, 17.11809565095832
ばっかり, 1, 17.11809565095832
ぱっと, 1, 17.11809565095832
ひき, 1, 17.11809565095832
ひきこもる, 1, 17.11809565095832
ひさし, 1, 17.11809565095832
ひたすら, 1, 17.11809565095832
ひっくり返す, 1, 17.11809565095832
ひとつ, 1, 17.11809565095832
ひどい, 1, 17.11809565095832
ひゃく, 1, 17.11809565095832
びっくり, 1, 17.11809565095832
びびる, 1, 17.11809565095832
ぴったり, 1, 17.11809565095832
ふう, 1, 17.11809565095832
ふっきれる, 1, 17.11809565095832
ふっ飛ぶ, 1, 17.11809565095832
ふつー, 1, 34.23619130191664
ふみ, 1, 34.23619130191664
ふる, 1, 17.11809565095832
ぶっ, 1, 17.11809565095832
ぶつ, 1, 17.11809565095832
ぶり, 1, 17.11809565095832
ぶん殴る, 1, 17.11809565095832
へ, 1, 17.11809565095832
へん, 1, 17.11809565095832
べ, 1, 17.11809565095832
べし, 1, 17.11809565095832
ほう, 1, 17.11809565095832
ほか, 1, 17.11809565095832
ほしい, 1, 17.11809565095832
ほとんど, 1, 17.11809565095832
ほど, 1, 17.11809565095832
ほぼ, 1, 17.11809565095832
ほる, 1, 17.11809565095832
ほん, 1, 17.11809565095832
ほんと, 1, 17.11809565095832
ぼうし, 1, 17.11809565095832
ぼく, 1, 17.11809565095832
ぼる, 1, 17.11809565095832
ま, 1, 17.11809565095832
まぁ, 1, 17.11809565095832
まあ, 1, 17.11809565095832
まい, 1, 17.11809565095832
まぎれる, 1, 17.11809565095832
まく, 1, 17.11809565095832
まくる, 1, 17.11809565095832
まさかの, 1, 17.11809565095832
まし, 1, 17.11809565095832
まじ, 1, 17.11809565095832
ます, 1, 34.23619130191664
まず, 1, 17.11809565095832
まずい, 1, 17.11809565095832
まずは, 1, 17.11809565095832
また, 1, 17.11809565095832
またす, 1, 17.11809565095832
まだ, 1, 17.11809565095832
まだまだ, 1, 17.11809565095832
まっ, 1, 17.11809565095832
まったく, 1, 17.11809565095832
まで, 1, 17.11809565095832
まとめる, 1, 17.11809565095832
まま, 1, 17.11809565095832
まもなく, 1, 17.11809565095832
まわす, 1, 17.11809565095832
まんが, 1, 17.11809565095832
み, 1, 17.11809565095832
みか, 1, 17.11809565095832
みたい, 1, 17.11809565095832
みなさま, 1, 17.11809565095832
みなさん, 1, 17.11809565095832
みる, 1, 17.11809565095832
みんな, 1, 17.11809565095832
むっちゃ, 1, 17.11809565095832
むらがる, 1, 17.11809565095832
め, 1, 17.11809565095832
めくる, 1, 17.11809565095832
めげる, 1, 17.11809565095832
めざましい, 1, 17.11809565095832
めざめる, 1, 17.11809565095832
めちゃくちゃ, 1, 17.11809565095832
めちゃめちゃ, 1, 17.11809565095832
めっちゃ, 1, 17.11809565095832
めん, 1, 17.11809565095832
めんどい, 1, 17.11809565095832
も, 1, 17.11809565095832
もう, 1, 17.11809565095832
もう少し, 1, 17.11809565095832
もし, 1, 17.11809565095832
もしか, 1, 17.11809565095832
もしかして, 1, 17.11809565095832
もぞもぞ, 1, 17.11809565095832
もち, 1, 17.11809565095832
もつ, 1, 17.11809565095832
もと, 1, 17.11809565095832
もどる, 1, 17.11809565095832
もの, 1, 17.11809565095832
もらう, 1, 17.11809565095832
もらえる, 1, 17.11809565095832
もん, 1, 17.11809565095832
や, 1, 17.11809565095832
やけ, 1, 17.11809565095832
やすい, 1, 17.11809565095832
やっと, 1, 17.11809565095832
やっぱ, 1, 17.11809565095832
やつ, 1, 17.11809565095832
やめる, 1, 17.11809565095832
やら, 1, 17.11809565095832
やり取り, 1, 17.11809565095832
やる, 2, 17.11809565095832
やる気, 1, 17.11809565095832
やん, 1, 17.11809565095832
ゆ, 1, 17.11809565095832
ゆう, 1, 17.11809565095832
ゆき, 1, 17.11809565095832
ゆでる, 1, 17.11809565095832
ゆとり, 1, 17.11809565095832
ゆり, 1, 17.11809565095832
ゆる, 1, 17.11809565095832
よ, 1, 34.23619130191664
よい, 1, 17.11809565095832
よう, 1, 17.11809565095832
ようやく, 1, 17.11809565095832
よく, 1, 17.11809565095832
よごれる, 1, 17.11809565095832
よし, 1, 17.11809565095832
よめる, 1, 17.11809565095832
より, 2, 17.11809565095832
よる, 1, 17.11809565095832
よろしい, 1, 17.11809565095832
よろしく, 1, 17.11809565095832
よー, 1, 17.11809565095832
よーし, 1, 17.11809565095832
ら, 1, 17.11809565095832
らしい, 1, 17.11809565095832
られる, 1, 17.11809565095832
り, 1, 17.11809565095832
りん, 1, 17.11809565095832
る, 1, 17.11809565095832
れつ, 1, 17.11809565095832
れる, 1, 17.11809565095832
ろ, 1, 17.11809565095832
わ, 1, 17.11809565095832
わいせつ, 1, 51.35428695287496
わいわい, 1, 17.11809565095832
わかめ, 1, 17.11809565095832
わかる, 1, 17.11809565095832
わく, 1, 17.11809565095832
わけ, 1, 17.11809565095832
わたし, 1, 17.11809565095832
わり, 1, 17.11809565095832
わる, 1, 17.11809565095832
わーい, 1, 17.11809565095832
を, 2, 17.11809565095832
ん, 2, 17.11809565095832
゜, 1, 34.23619130191664
アイコ, 1, 17.11809565095832
アイス, 1, 17.11809565095832
アイツ, 1, 17.11809565095832
アイテム, 1, 17.11809565095832
アカウント, 1, 17.11809565095832
アクション, 1, 17.11809565095832
アクセス, 1, 17.11809565095832
アシュリー, 1, 17.11809565095832
アップ, 1, 17.11809565095832
アニメ, 1, 17.11809565095832
アヒル, 1, 17.11809565095832
アミノ酸, 1, 17.11809565095832
アレンジ, 1, 17.11809565095832
アンケート, 1, 17.11809565095832
アンド, 1, 34.23619130191664
アーティスト, 1, 17.11809565095832
イナ, 1, 17.11809565095832
イベント, 1, 17.11809565095832
イラスト, 1, 17.11809565095832
イルミネーション, 1, 17.11809565095832
インタフェース, 1, 17.11809565095832
インターンシップ, 1, 17.11809565095832
インデント, 1, 17.11809565095832
インド, 1, 34.23619130191664
インパクト, 1, 17.11809565095832
ウイルス, 1, 17.11809565095832
ウトウト, 1, 17.11809565095832
ウド, 1, 17.11809565095832
エキシビション, 1, 17.11809565095832
エキスパート, 1, 17.11809565095832
エッチ, 1, 17.11809565095832
エディタ, 1, 17.11809565095832
エニックス, 1, 17.11809565095832
エラー, 1, 17.11809565095832
エルビス, 1, 17.11809565095832
エンジニアリング, 1, 17.11809565095832
エントリー, 1, 17.11809565095832
エージェント, 1, 17.11809565095832
オタオタ, 1, 17.11809565095832
オタク, 1, 17.11809565095832
オブジェクト, 1, 17.11809565095832
オリジナル, 1, 17.11809565095832
オンサイト, 1, 17.11809565095832
オーストラリア, 1, 17.11809565095832
オーダー, 1, 17.11809565095832
オーバー, 1, 17.11809565095832
オープン, 1, 17.11809565095832
カウンター, 1, 17.11809565095832
カエル, 1, 17.11809565095832
カキ, 1, 17.11809565095832
カバー, 1, 17.11809565095832
カボチャ, 1, 17.11809565095832
カメラ, 1, 17.11809565095832
カラオケ, 1, 17.11809565095832
カリスマ, 1, 17.11809565095832
カンガルー, 1, 17.11809565095832
カンペ, 1, 17.11809565095832
カート, 1, 17.11809565095832
カード, 1, 34.23619130191664
カーペット, 1, 17.11809565095832
ガール, 1, 17.11809565095832
キティ, 1, 17.11809565095832
キノコ, 1, 17.11809565095832
キャスト, 1, 17.11809565095832
キャッチボール, 1, 17.11809565095832
キャラ, 1, 17.11809565095832
キャラクター, 1, 17.11809565095832
キャンペーン, 1, 17.11809565095832
キラキラ, 1, 17.11809565095832
キー, 1, 17.11809565095832
ギフト, 1, 17.11809565095832
ギャラリー, 1, 17.11809565095832
ギリギリ, 1, 17.11809565095832
クラ, 1, 17.11809565095832
クライマックス, 1, 17.11809565095832
クラフト, 1, 17.11809565095832
クリスマス, 1, 17.11809565095832
クリック, 1, 17.11809565095832
クリップ, 1, 17.11809565095832
クレジットカード, 1, 17.11809565095832
クロ, 1, 17.11809565095832
クール, 1, 17.11809565095832
グラフ, 1, 17.11809565095832
グラフィカル, 1, 17.11809565095832
グランプリ, 1, 17.11809565095832
グリッド, 1, 17.11809565095832
グルグル, 1, 17.11809565095832
グレード, 1, 17.11809565095832
ケルビン, 1, 17.11809565095832
ケント, 1, 17.11809565095832
ケーキ, 1, 17.11809565095832
ゲイ, 1, 17.11809565095832
ゲーム, 1, 17.11809565095832
ゲームセンター, 1, 17.11809565095832
ココア, 1, 17.11809565095832
コサイン, 1, 17.11809565095832
コスチューム, 1, 17.11809565095832
コップ, 1, 17.11809565095832
コマ, 1, 17.11809565095832
コマンド, 1, 17.11809565095832
コミット, 1, 17.11809565095832
コミュニケーション, 1, 17.11809565095832
コンクール, 1, 34.23619130191664
コンソール, 1, 17.11809565095832
コンテスト, 1, 17.11809565095832
コンテンツ, 1, 17.11809565095832
コンパニオン, 1, 17.11809565095832
コース, 1, 17.11809565095832
コーディング, 1, 17.11809565095832
コード, 1, 17.11809565095832
コーパス, 1, 17.11809565095832
コーン, 1, 17.11809565095832
サイト, 1, 17.11809565095832
サタ, 1, 17.11809565095832
サチコ, 1, 17.11809565095832
サッカー, 1, 34.23619130191664
サツキ, 2, 17.11809565095832
サブ, 1, 17.11809565095832
サラダ油, 1, 17.11809565095832
サンタ, 1, 17.11809565095832
サンリオ, 1, 17.11809565095832
サーバ, 1, 17.11809565095832
サービス, 1, 17.11809565095832
ザ・ベスト, 1, 17.11809565095832
シェル, 1, 17.11809565095832
シグナル, 1, 34.23619130191664
システム, 1, 17.11809565095832
シャット, 1, 17.11809565095832
シュークリーム, 1, 17.11809565095832
ショップ, 1, 17.11809565095832
ショー, 1, 17.11809565095832
シリーズ, 1, 17.11809565095832
シンタックス, 1, 17.11809565095832
シーズン, 1, 17.11809565095832
シーン, 1, 17.11809565095832
ジャッジ, 1, 17.11809565095832
ジャンプ, 1, 17.11809565095832
スカイ, 1, 17.11809565095832
スカート, 1, 17.11809565095832
スガ, 1, 17.11809565095832
スキンシップ, 1, 17.11809565095832
スクウェア, 1, 17.11809565095832
スケッチ, 1, 17.11809565095832
スコープ, 1, 34.23619130191664
スタンス, 1, 17.11809565095832
ストップ, 1, 17.11809565095832
ストライク, 1, 17.11809565095832
スポーツ, 1, 17.11809565095832
スマ, 1, 17.11809565095832
スマイル, 1, 17.11809565095832
スライド, 1, 17.11809565095832
スーパー, 1, 34.23619130191664
スープ, 1, 17.11809565095832
セックス, 1, 17.11809565095832
セッション, 1, 17.11809565095832
セット, 1, 17.11809565095832
センス, 1, 17.11809565095832
センター, 1, 17.11809565095832
セール, 1, 17.11809565095832
ソフト, 1, 17.11809565095832
ソフトウェア, 1, 17.11809565095832
ソフトクリーム, 2, 17.11809565095832
ソング, 1, 17.11809565095832
ソース, 1, 17.11809565095832
ソード, 1, 34.23619130191664
タイトル, 1, 17.11809565095832
タイプ, 1, 17.11809565095832
タイミング, 1, 17.11809565095832
タイム, 1, 17.11809565095832
タウン, 1, 17.11809565095832
ターミナル, 1, 17.11809565095832
ダイクストラ, 1, 17.11809565095832
ダイナモ, 1, 34.23619130191664
ダウン, 1, 17.11809565095832
ダウンロード, 1, 17.11809565095832
ダチョウ, 1, 17.11809565095832
ダブル, 1, 34.23619130191664
ダメ, 1, 17.11809565095832
ダンス, 1, 17.11809565095832
チェック, 1, 17.11809565095832
チャネル, 1, 34.23619130191664
チャンネル, 1, 17.11809565095832
チャーシュー, 1, 17.11809565095832
チャーハン, 1, 17.11809565095832
チュートリアル, 1, 17.11809565095832
チョコ, 1, 17.11809565095832
ツイ, 1, 17.11809565095832
ツリー, 1, 17.11809565095832
テスト, 1, 17.11809565095832
テレビ, 1, 17.11809565095832
テレビ朝日, 1, 17.11809565095832
テロリスト, 1, 17.11809565095832
テーマ, 1, 17.11809565095832
ディスク, 1, 17.11809565095832
ディレクター, 1, 17.11809565095832
ディレクトリ, 1, 17.11809565095832
デザイン, 1, 51.35428695287496
デビュー, 1, 17.11809565095832
デフォルト, 1, 17.11809565095832
デュエット, 1, 17.11809565095832
デー, 1, 17.11809565095832
データ, 1, 17.11809565095832
トス, 1, 17.11809565095832
トップ, 1, 17.11809565095832
トピックス, 1, 17.11809565095832
トラック, 1, 17.11809565095832
トラブル, 1, 17.11809565095832
トリオ, 1, 17.11809565095832
トーク, 1, 17.11809565095832
ドア, 1, 17.11809565095832
ドイツ, 1, 17.11809565095832
ドキドキ, 1, 17.11809565095832
ドキュメント, 1, 17.11809565095832
ドレス, 1, 17.11809565095832
ナチス, 1, 17.11809565095832
ニキ, 1, 17.11809565095832
ニコニコ, 1, 17.11809565095832
ニュース, 1, 17.11809565095832
ネギ, 1, 17.11809565095832
ネス, 1, 17.11809565095832
ネタ, 1, 17.11809565095832
ネット, 1, 17.11809565095832
ネットワーク, 1, 17.11809565095832
ノルマ, 1, 17.11809565095832
ノロ, 1, 17.11809565095832
ノン, 1, 17.11809565095832
ノート, 1, 17.11809565095832
ハロー, 1, 17.11809565095832
ハンター, 1, 17.11809565095832
バイト, 1, 17.11809565095832
バグ, 1, 17.11809565095832
バスケ, 1, 17.11809565095832
バックス, 1, 17.11809565095832
バッジ, 1, 34.23619130191664
バツ, 1, 34.23619130191664
バレー, 1, 17.11809565095832
バー, 1, 17.11809565095832
バージョン, 1, 17.11809565095832
バージョンアップ, 1, 17.11809565095832
バーチャル, 1, 17.11809565095832
パ, 1, 17.11809565095832
パケット, 1, 17.11809565095832
パソコン, 1, 17.11809565095832
パターン, 1, 17.11809565095832
パック, 1, 17.11809565095832
パッケージ, 1, 17.11809565095832
パッド, 1, 17.11809565095832
パフォーマンス, 1, 17.11809565095832
パブ, 1, 17.11809565095832
パラダイス, 1, 17.11809565095832
パラメータ, 1, 17.11809565095832
パワーアップ, 1, 17.11809565095832
パー, 1, 17.11809565095832
パーツ, 1, 17.11809565095832
パーティー, 1, 17.11809565095832
パートナー, 1, 17.11809565095832
ヒッター, 1, 17.11809565095832
ビジュアル, 1, 17.11809565095832
ビッグ, 1, 17.11809565095832
ビデオ, 1, 17.11809565095832
ビビる, 1, 17.11809565095832
ピンチ, 1, 17.11809565095832
ファ, 1, 17.11809565095832
ファイター, 1, 17.11809565095832
ファイナル, 1, 17.11809565095832
ファイル, 1, 17.11809565095832
ファンタジー, 1, 17.11809565095832
ファー, 1, 17.11809565095832
フェスティバル, 1, 17.11809565095832
フォロー, 1, 17.11809565095832
フグ, 1, 34.23619130191664
フジテレビ, 1, 17.11809565095832
フラグ, 1, 17.11809565095832
フラミンゴ, 1, 17.11809565095832
フランス語, 1, 17.11809565095832
フレッシュ, 1, 17.11809565095832
フレーム, 1, 17.11809565095832
ブラ, 1, 17.11809565095832
プラチナ, 1, 17.11809565095832
プランニング, 1, 17.11809565095832
プリント, 1, 17.11809565095832
プレゼン, 1, 17.11809565095832
プレゼント, 1, 17.11809565095832
プレート, 1, 17.11809565095832
プログラマ, 1, 17.11809565095832
プログラマー, 1, 17.11809565095832
プログラミング, 1, 17.11809565095832
プログラム, 1, 17.11809565095832
プロジェクト, 1, 17.11809565095832
プロダクションシステム, 1, 17.11809565095832
プロット, 1, 17.11809565095832
プロデューサー, 1, 17.11809565095832
ペ, 1, 17.11809565095832
ペイン, 1, 17.11809565095832
ページ, 1, 17.11809565095832
ペース, 1, 17.11809565095832
ペーパー, 1, 17.11809565095832
ホモ, 1, 17.11809565095832
ホワイト, 1, 17.11809565095832
ホント, 1, 17.11809565095832
ホーム, 1, 17.11809565095832
ホームページ, 1, 17.11809565095832
ボクシング, 1, 17.11809565095832
ボタン, 1, 17.11809565095832
ボックス, 1, 17.11809565095832
ボード, 1, 17.11809565095832
ポ, 1, 17.11809565095832
ポケット, 1, 17.11809565095832
ポスター, 1, 17.11809565095832
マイン, 1, 17.11809565095832
マウス, 1, 17.11809565095832
マッキントッシュ, 1, 17.11809565095832
マネジメント, 1, 17.11809565095832
マネージャ, 1, 34.23619130191664
マリオ, 1, 51.35428695287496
マルチ, 1, 17.11809565095832
マンガ, 1, 17.11809565095832
マンション, 1, 17.11809565095832
ミス, 1, 17.11809565095832
ミスコン, 1, 17.11809565095832
ミッション, 1, 17.11809565095832
ミラージュ, 1, 17.11809565095832
ムラ, 1, 17.11809565095832
メガネ, 1, 17.11809565095832
メグ, 1, 17.11809565095832
メジャー, 1, 17.11809565095832
メタ, 1, 17.11809565095832
メダル, 1, 17.11809565095832
メッセージ, 1, 17.11809565095832
メディア, 1, 17.11809565095832
メド, 1, 17.11809565095832
メモ, 1, 68.47238260383328
メモリ, 1, 17.11809565095832
メルセデス・ベンツ, 1, 17.11809565095832
メンテナンス, 1, 34.23619130191664
メーカー, 1, 34.23619130191664
メール, 1, 17.11809565095832
モヤモヤ, 1, 17.11809565095832
モンスター, 1, 17.11809565095832
モーター, 1, 17.11809565095832
ヤマ, 1, 17.11809565095832
ユニ, 1, 17.11809565095832
ユーザ, 1, 17.11809565095832
ヨ, 1, 17.11809565095832
ライオン, 1, 17.11809565095832
ライター, 1, 17.11809565095832
ライブ, 1, 17.11809565095832
ライブラリ, 1, 17.11809565095832
ライン, 1, 17.11809565095832
ラボ, 1, 17.11809565095832
ランキング, 1, 17.11809565095832
ラーメン, 1, 17.11809565095832
リア, 1, 17.11809565095832
リアル, 1, 17.11809565095832
リサ, 1, 17.11809565095832
リスト, 1, 17.11809565095832
リズム, 1, 17.11809565095832
リソース, 1, 17.11809565095832
リニューアル, 1, 17.11809565095832
リフォーム, 1, 34.23619130191664
リプライ, 1, 17.11809565095832
リュウ, 1, 17.11809565095832
リリース, 1, 17.11809565095832
リンク, 1, 17.11809565095832
リンツ, 1, 17.11809565095832
リーダー, 1, 17.11809565095832
ルート, 1, 17.11809565095832
ループ, 1, 17.11809565095832
ルール, 1, 17.11809565095832
レシピ, 1, 17.11809565095832
レジ, 1, 17.11809565095832
レッスン, 1, 17.11809565095832
レベル, 1, 17.11809565095832
レベルアップ, 1, 17.11809565095832
レポート, 1, 17.11809565095832
レート, 1, 17.11809565095832
ログ, 1, 17.11809565095832
ログアウト, 1, 17.11809565095832
ログイン, 1, 17.11809565095832
ロシア, 1, 17.11809565095832
ロッカー, 1, 17.11809565095832
ロボット, 1, 17.11809565095832
ロード, 1, 17.11809565095832
ワ, 1, 17.11809565095832
ワイ, 1, 17.11809565095832
ワトソン, 1, 17.11809565095832
ワーク, 1, 17.11809565095832
ワープ, 1, 17.11809565095832
ワールド, 1, 17.11809565095832
ヲ, 1, 17.11809565095832
ン, 1, 17.11809565095832
ヵ月, 1, 17.11809565095832
ヶ月, 1, 17.11809565095832
・, 1, 17.11809565095832
ヾ, 1, 17.11809565095832
一, 1, 17.11809565095832
一介, 1, 17.11809565095832
一体, 1, 17.11809565095832
一切, 1, 17.11809565095832
一度, 1, 17.11809565095832
一律, 1, 17.11809565095832
一応, 1, 17.11809565095832
一時, 1, 17.11809565095832
一杯, 1, 17.11809565095832
一段と, 2, 17.11809565095832
一気に, 1, 17.11809565095832
一番, 2, 17.11809565095832
一瞬, 1, 17.11809565095832
一端, 1, 17.11809565095832
一緒, 1, 17.11809565095832
一般, 1, 17.11809565095832
一芸, 1, 17.11809565095832
一言, 1, 17.11809565095832
一部, 1, 17.11809565095832
万, 1, 17.11809565095832
三味線, 1, 17.11809565095832
三陸, 1, 17.11809565095832
上, 1, 17.11809565095832
上がり, 1, 17.11809565095832
上司, 1, 17.11809565095832
上限, 1, 17.11809565095832
下さる, 1, 17.11809565095832
下す, 1, 17.11809565095832
下回る, 1, 17.11809565095832
下手, 1, 17.11809565095832
不, 1, 17.11809565095832
不具合, 1, 17.11809565095832
不動産, 1, 17.11809565095832
不可能, 1, 17.11809565095832
不安, 1, 17.11809565095832
不定, 1, 17.11809565095832
不定期, 1, 17.11809565095832
不思議, 1, 17.11809565095832
不明, 1, 17.11809565095832
不謹慎, 1, 17.11809565095832
不足, 1, 34.23619130191664
不透明, 1, 17.11809565095832
与える, 1, 17.11809565095832
世代, 1, 17.11809565095832
世界, 1, 17.11809565095832
世間, 1, 17.11809565095832
丞, 1, 17.11809565095832
両親, 1, 17.11809565095832
並ぶ, 1, 17.11809565095832
中, 2, 17.11809565095832
中学, 1, 17.11809565095832
中学校, 1, 17.11809565095832
中学生, 1, 17.11809565095832
中盤, 1, 17.11809565095832
中部, 1, 17.11809565095832
中間, 1, 17.11809565095832
丸, 1, 17.11809565095832
丸まる, 1, 17.11809565095832
主, 1, 17.11809565095832
主人公, 1, 17.11809565095832
主体, 1, 17.11809565095832
主張, 1, 17.11809565095832
主語, 1, 17.11809565095832
久しぶり, 1, 17.11809565095832
乗る, 1, 17.11809565095832
九, 1, 34.23619130191664
乱闘, 1, 17.11809565095832
了承, 1, 17.11809565095832
了解, 1, 17.11809565095832
予定, 1, 17.11809565095832
予想, 1, 17.11809565095832
予感, 1, 17.11809565095832
予選, 1, 17.11809565095832
事, 1, 17.11809565095832
事件, 1, 17.11809565095832
事前, 1, 17.11809565095832
事務所, 1, 17.11809565095832
事故, 1, 17.11809565095832
事項, 1, 17.11809565095832
二, 1, 17.11809565095832
五, 1, 17.11809565095832
亜美, 1, 17.11809565095832
交換, 1, 17.11809565095832
交通, 1, 34.23619130191664
京大, 1, 85.5904782547916
京都大, 1, 68.47238260383328
人, 1, 17.11809565095832
人々, 1, 17.11809565095832
人並み, 1, 17.11809565095832
人工, 1, 17.11809565095832
人数, 1, 17.11809565095832
人気, 1, 17.11809565095832
人物, 1, 17.11809565095832
人間, 1, 17.11809565095832
今, 1, 17.11809565095832
今回, 1, 17.11809565095832
今年, 1, 17.11809565095832
今度, 1, 34.23619130191664
今後, 1, 17.11809565095832
今日, 1, 17.11809565095832
今期, 1, 17.11809565095832
今週, 1, 17.11809565095832
仕事, 1, 17.11809565095832
仕様, 1, 17.11809565095832
他, 1, 17.11809565095832
付ける, 1, 17.11809565095832
仙, 1, 17.11809565095832
代, 1, 17.11809565095832
以上, 1, 17.11809565095832
以下, 1, 17.11809565095832
以内, 1, 17.11809565095832
以外, 1, 17.11809565095832
以来, 1, 17.11809565095832
仮想, 1, 17.11809565095832
仲良く, 2, 17.11809565095832
件, 1, 17.11809565095832
任せる, 1, 17.11809565095832
任天堂, 1, 17.11809565095832
任意, 1, 17.11809565095832
企む, 1, 17.11809565095832
企業, 1, 17.11809565095832
伊, 1, 17.11809565095832
休み, 1, 17.11809565095832
休む, 1, 17.11809565095832
休日, 1, 17.11809565095832
休止, 1, 17.11809565095832
会, 1, 17.11809565095832
会場, 1, 17.11809565095832
会社, 1, 17.11809565095832
会話, 1, 17.11809565095832
会議, 1, 17.11809565095832
会館, 1, 17.11809565095832
伜, 1, 17.11809565095832
伝搬, 1, 34.23619130191664
伝説, 1, 17.11809565095832
伸びる, 1, 17.11809565095832
伺う, 1, 17.11809565095832
似る, 1, 17.11809565095832
位, 1, 17.11809565095832
低, 1, 17.11809565095832
佐賀, 1, 17.11809565095832
体, 1, 17.11809565095832
体制, 1, 17.11809565095832
体育, 1, 17.11809565095832
体調, 1, 17.11809565095832
体験, 1, 17.11809565095832
何, 1, 17.11809565095832
何だか, 2, 17.11809565095832
何だかんだ, 1, 17.11809565095832
何で, 1, 17.11809565095832
何やら, 1, 17.11809565095832
何より, 1, 17.11809565095832
何故, 1, 17.11809565095832
何故か, 1, 17.11809565095832
余裕, 1, 17.11809565095832
余計, 1, 17.11809565095832
作, 1, 17.11809565095832
作り, 1, 17.11809565095832
作り方, 1, 17.11809565095832
作る, 1, 17.11809565095832
作れる, 1, 34.23619130191664
作中, 1, 17.11809565095832
作品, 1, 17.11809565095832
作成, 1, 17.11809565095832
作戦, 1, 17.11809565095832
作文, 1, 34.23619130191664
作業, 1, 17.11809565095832
佳正, 1, 17.11809565095832
使いこなす, 1, 17.11809565095832
使い勝手, 1, 17.11809565095832
使う, 1, 17.11809565095832
使える, 1, 17.11809565095832
例, 1, 17.11809565095832
例えば, 1, 17.11809565095832
例える, 1, 17.11809565095832
例題, 1, 17.11809565095832
依存, 1, 17.11809565095832
価格, 1, 17.11809565095832
便利, 1, 17.11809565095832
修正, 1, 17.11809565095832
俺, 1, 17.11809565095832
倅, 1, 17.11809565095832
個, 1, 17.11809565095832
個人, 1, 17.11809565095832
倍, 1, 17.11809565095832
倒れる, 1, 17.11809565095832
候補, 1, 17.11809565095832
値, 1, 17.11809565095832
健, 1, 17.11809565095832
側, 1, 17.11809565095832
備える, 1, 17.11809565095832
働く, 1, 17.11809565095832
僕, 1, 17.11809565095832
億, 1, 17.11809565095832
優先, 1, 17.11809565095832
優秀, 1, 17.11809565095832
元, 1, 17.11809565095832
元気, 1, 17.11809565095832
元祖, 1, 17.11809565095832
兄, 1, 17.11809565095832
兄貴, 1, 17.11809565095832
充, 1, 17.11809565095832
充実, 1, 17.11809565095832
先, 1, 17.11809565095832
先日, 1, 17.11809565095832
先生, 1, 17.11809565095832
先輩, 1, 17.11809565095832
免許, 1, 51.35428695287496
児, 1, 17.11809565095832
入り, 1, 17.11809565095832
入る, 1, 17.11809565095832
入れる, 1, 51.35428695287496
入力, 1, 17.11809565095832
入学, 1, 17.11809565095832
入荷, 1, 17.11809565095832
入選, 1, 17.11809565095832
全, 1, 17.11809565095832
全く, 1, 17.11809565095832
全て, 1, 17.11809565095832
全力, 1, 17.11809565095832
全員, 1, 17.11809565095832
全国, 1, 17.11809565095832
全然, 1, 17.11809565095832
全部, 1, 17.11809565095832
八つ, 1, 17.11809565095832
公園, 1, 17.11809565095832
公式, 1, 17.11809565095832
公開, 1, 17.11809565095832
共同, 1, 17.11809565095832
共有, 1, 17.11809565095832
共演, 1, 17.11809565095832
兵衛, 1, 17.11809565095832
内, 1, 17.11809565095832
内容, 1, 17.11809565095832
円, 1, 17.11809565095832
再, 1, 17.11809565095832
再度, 1, 17.11809565095832
再建, 1, 17.11809565095832
再来週, 1, 17.11809565095832
再現, 1, 17.11809565095832
再開, 1, 17.11809565095832
冗談, 1, 17.11809565095832
写す, 1, 17.11809565095832
写真, 1, 17.11809565095832
冬, 1, 17.11809565095832
冷える, 1, 17.11809565095832
冷静, 1, 17.11809565095832
処女, 1, 17.11809565095832
処理, 1, 17.11809565095832
出, 1, 17.11809565095832
出す, 1, 17.11809565095832
出る, 1, 17.11809565095832
出向, 1, 17.11809565095832
出展, 1, 17.11809565095832
出席, 1, 17.11809565095832
出来る, 1, 17.11809565095832
出演, 1, 17.11809565095832
分, 1, 17.11809565095832
分かる, 1, 17.11809565095832
分かれる, 1, 17.11809565095832
分ける, 1, 17.11809565095832
分割, 1, 17.11809565095832
分布, 1, 17.11809565095832
分間, 1, 17.11809565095832
切り, 1, 17.11809565095832
切り分ける, 1, 17.11809565095832
切り替え, 1, 17.11809565095832
切り替える, 1, 17.11809565095832
切る, 1, 17.11809565095832
切れる, 1, 17.11809565095832
刈, 1, 17.11809565095832
列, 1, 51.35428695287496
初, 1, 17.11809565095832
初めて, 1, 17.11809565095832
初対面, 1, 17.11809565095832
初心者, 1, 17.11809565095832
判る, 1, 17.11809565095832
判別, 1, 17.11809565095832
判定, 1, 17.11809565095832
別, 1, 34.23619130191664
利く, 1, 17.11809565095832
利用, 1, 34.23619130191664
制作, 1, 17.11809565095832
券, 1, 17.11809565095832
削除, 1, 17.11809565095832
前, 1, 17.11809565095832
前半, 1, 17.11809565095832
前後, 1, 17.11809565095832
前日, 1, 17.11809565095832
前言, 1, 17.11809565095832
前髪, 1, 17.11809565095832
剣, 1, 17.11809565095832
剣士, 1, 17.11809565095832
剥ぐ, 1, 17.11809565095832
副作用, 1, 17.11809565095832
割, 1, 17.11809565095832
割り算, 1, 17.11809565095832
割る, 1, 17.11809565095832
劇的, 1, 17.11809565095832
力, 1, 17.11809565095832
加熱, 1, 17.11809565095832
効く, 1, 17.11809565095832
効率, 1, 17.11809565095832
勃起, 1, 17.11809565095832
勉強, 1, 17.11809565095832
動かす, 1, 17.11809565095832
動く, 1, 17.11809565095832
動物, 1, 17.11809565095832
動画, 1, 17.11809565095832
動的, 1, 17.11809565095832
勘弁, 1, 17.11809565095832
勝手, 1, 17.11809565095832
募集, 1, 17.11809565095832
勢, 1, 17.11809565095832
勢い, 1, 17.11809565095832
勤務, 1, 17.11809565095832
化, 1, 17.11809565095832
北海道, 1, 17.11809565095832
区, 1, 17.11809565095832
医学, 1, 17.11809565095832
医学部, 1, 17.11809565095832
医師, 1, 34.23619130191664
十, 1, 17.11809565095832
十分, 1, 17.11809565095832
千, 1, 17.11809565095832
午前, 1, 17.11809565095832
午後, 1, 17.11809565095832
半, 1, 17.11809565095832
半分, 1, 17.11809565095832
半蔵門, 1, 17.11809565095832
半蔵門線, 1, 17.11809565095832
卒, 1, 17.11809565095832
協, 1, 17.11809565095832
協議, 1, 17.11809565095832
南, 1, 17.11809565095832
単位, 1, 17.11809565095832
単純, 1, 17.11809565095832
単行, 1, 17.11809565095832
印刷, 1, 17.11809565095832
印象, 1, 17.11809565095832
危険, 1, 17.11809565095832
卵, 1, 17.11809565095832
厚, 1, 17.11809565095832
原則, 1, 17.11809565095832
原因, 1, 17.11809565095832
原理, 1, 17.11809565095832
原発, 1, 17.11809565095832
去年, 1, 17.11809565095832
参加, 1, 17.11809565095832
参戦, 1, 17.11809565095832
参照, 1, 17.11809565095832
参考, 1, 17.11809565095832
参院, 1, 17.11809565095832
友の会, 1, 17.11809565095832
友人, 1, 17.11809565095832
友利, 1, 17.11809565095832
友達, 1, 17.11809565095832
反, 1, 17.11809565095832
反対, 1, 68.47238260383328
反論, 1, 17.11809565095832
収容, 1, 17.11809565095832
取り続ける, 1, 17.11809565095832
取る, 1, 17.11809565095832
取得, 1, 17.11809565095832
取材, 1, 17.11809565095832
受かる, 1, 17.11809565095832
受け取る, 1, 17.11809565095832
受付, 1, 34.23619130191664
口頭, 1, 17.11809565095832
古典, 1, 17.11809565095832
古墳, 1, 17.11809565095832
叩く, 1, 17.11809565095832
叩ける, 1, 17.11809565095832
召す, 1, 17.11809565095832
可能, 1, 17.11809565095832
台, 1, 17.11809565095832
台湾, 1, 34.23619130191664
右, 1, 17.11809565095832
右手, 1, 17.11809565095832
司会, 1, 17.11809565095832
各位, 1, 17.11809565095832
合う, 1, 17.11809565095832
合格, 1, 17.11809565095832
同じ, 1, 17.11809565095832
同年代, 1, 17.11809565095832
同時, 1, 17.11809565095832
同時に, 1, 17.11809565095832
同期, 1, 17.11809565095832
同様, 1, 17.11809565095832
同級生, 1, 17.11809565095832
名, 1, 17.11809565095832
名作, 1, 17.11809565095832
名前, 1, 17.11809565095832
名古屋, 1, 17.11809565095832
名工, 1, 17.11809565095832
名案, 1, 17.11809565095832
名称, 1, 17.11809565095832
名言, 1, 17.11809565095832
名鑑, 1, 17.11809565095832
向かう, 1, 17.11809565095832
向く, 1, 17.11809565095832
向け, 1, 17.11809565095832
向ける, 1, 17.11809565095832
君, 1, 17.11809565095832
含む, 1, 17.11809565095832
吹上, 1, 17.11809565095832
呈, 1, 17.11809565095832
告ぐ, 1, 17.11809565095832
告知, 1, 17.11809565095832
周年, 1, 17.11809565095832
周辺, 1, 17.11809565095832
呪い, 1, 17.11809565095832
味, 1, 17.11809565095832
味噌汁, 1, 17.11809565095832
呵る, 1, 17.11809565095832
呼び出す, 1, 17.11809565095832
呼べる, 1, 17.11809565095832
咄嗟, 1, 17.11809565095832
和歌山, 1, 17.11809565095832
和風, 1, 17.11809565095832
和食, 1, 17.11809565095832
員, 1, 17.11809565095832
哩, 1, 17.11809565095832
哲也, 1, 17.11809565095832
問, 1, 17.11809565095832
問い合わせ, 1, 17.11809565095832
問題, 1, 17.11809565095832
喜ぶ, 1, 17.11809565095832
喰う, 1, 17.11809565095832
営利, 1, 17.11809565095832
嘆く, 1, 17.11809565095832
嘉, 1, 17.11809565095832
嘘, 1, 17.11809565095832
器, 1, 17.11809565095832
噴射, 1, 17.11809565095832
四, 1, 17.11809565095832
回, 1, 17.11809565095832
回る, 1, 17.11809565095832
回収, 1, 17.11809565095832
回戦, 1, 17.11809565095832
回答, 1, 17.11809565095832
回線, 1, 17.11809565095832
団, 1, 17.11809565095832
団体, 1, 17.11809565095832
困難, 1, 17.11809565095832
固まる, 1, 17.11809565095832
固定, 1, 17.11809565095832
国内, 1, 17.11809565095832
土, 1, 34.23619130191664
土日, 1, 17.11809565095832
土曜日, 1, 17.11809565095832
圧力, 1, 17.11809565095832
在住, 1, 17.11809565095832
地上, 1, 17.11809565095832
地元, 1, 17.11809565095832
型, 1, 17.11809565095832
埋め込む, 1, 17.11809565095832
基本, 1, 17.11809565095832
基礎, 1, 17.11809565095832
堕ちる, 1, 17.11809565095832
報告, 1, 34.23619130191664
報道局, 1, 17.11809565095832
場, 1, 17.11809565095832
場合, 1, 17.11809565095832
塊, 1, 17.11809565095832
塔, 1, 17.11809565095832
塩, 1, 17.11809565095832
境, 1, 17.11809565095832
壁紙, 1, 17.11809565095832
壊す, 1, 17.11809565095832
壊れる, 1, 17.11809565095832
士, 1, 17.11809565095832
声, 1, 17.11809565095832
声優, 1, 17.11809565095832
変, 1, 17.11809565095832
変える, 1, 17.11809565095832
変わる, 1, 17.11809565095832
変態, 1, 17.11809565095832
夕飯, 1, 17.11809565095832
外, 1, 17.11809565095832
外見, 1, 17.11809565095832
外部, 1, 17.11809565095832
多分, 1, 17.11809565095832
夜, 1, 17.11809565095832
夜空, 1, 17.11809565095832
夢, 1, 17.11809565095832
大, 1, 17.11809565095832
大きな, 1, 17.11809565095832
大ざっぱ, 1, 17.11809565095832
大丈夫, 1, 17.11809565095832
大人, 1, 17.11809565095832
大会, 1, 17.11809565095832
大切, 1, 17.11809565095832
大勢, 1, 17.11809565095832
大半, 1, 17.11809565095832
大好き, 1, 17.11809565095832
大学, 1, 17.11809565095832
大学生, 1, 17.11809565095832
大抵, 1, 17.11809565095832
大昔, 1, 17.11809565095832
大筋, 1, 17.11809565095832
大臣, 1, 17.11809565095832
天, 1, 17.11809565095832
天下, 1, 17.11809565095832
天使, 1, 17.11809565095832
天国, 1, 17.11809565095832
天気, 2, 17.11809565095832
太る, 1, 17.11809565095832
太郎, 1, 17.11809565095832
太鼓, 1, 17.11809565095832
失敗, 1, 17.11809565095832
失礼, 1, 17.11809565095832
奈緒, 1, 17.11809565095832
奮う, 1, 17.11809565095832
女, 1, 17.11809565095832
女の子, 1, 17.11809565095832
女子, 1, 17.11809565095832
女性, 1, 17.11809565095832
女装, 1, 34.23619130191664
奴, 1, 17.11809565095832
好き, 2, 17.11809565095832
妊娠, 1, 17.11809565095832
妹, 1, 17.11809565095832
始まる, 1, 17.11809565095832
始める, 1, 17.11809565095832
委員, 1, 17.11809565095832
嫉妬, 1, 17.11809565095832
嫌, 1, 17.11809565095832
嫌い, 1, 17.11809565095832
嫌う, 1, 17.11809565095832
嫌がる, 1, 17.11809565095832
子, 1, 17.11809565095832
子安, 1, 17.11809565095832
存在, 1, 17.11809565095832
学, 1, 17.11809565095832
学ぶ, 1, 17.11809565095832
学べる, 1, 17.11809565095832
学年, 1, 17.11809565095832
学校, 1, 17.11809565095832
学生, 1, 17.11809565095832
学習, 1, 17.11809565095832
孫, 1, 17.11809565095832
宇宙船, 1, 17.11809565095832
守る, 1, 17.11809565095832
安倍, 1, 17.11809565095832
安定, 1, 17.11809565095832
安心, 1, 17.11809565095832
完了, 1, 17.11809565095832
完全, 1, 17.11809565095832
完成, 1, 17.11809565095832
完走, 1, 17.11809565095832
定期, 1, 17.11809565095832
定義, 1, 17.11809565095832
定評, 1, 17.11809565095832
実, 1, 17.11809565095832
実力, 1, 17.11809565095832
実施, 1, 17.11809565095832
実況, 1, 17.11809565095832
実行, 1, 17.11809565095832
実装, 1, 17.11809565095832
実際, 1, 17.11809565095832
実験, 1, 17.11809565095832
客人, 1, 17.11809565095832
宣伝, 1, 17.11809565095832
室, 1, 17.11809565095832
家, 1, 17.11809565095832
家族, 1, 17.11809565095832
寄せる, 1, 17.11809565095832
寄付, 1, 17.11809565095832
密接, 1, 17.11809565095832
寒, 1, 17.11809565095832
寔, 1, 17.11809565095832
寝ぼける, 1, 17.11809565095832
寝る, 1, 17.11809565095832
寝坊, 1, 17.11809565095832
審査, 1, 17.11809565095832
寸法, 1, 17.11809565095832
対応, 1, 17.11809565095832
対戦, 1, 17.11809565095832
対抗, 1, 17.11809565095832
対話, 1, 17.11809565095832
対象, 1, 17.11809565095832
寿司, 1, 34.23619130191664
将棋, 1, 17.11809565095832
尊敬, 1, 17.11809565095832
導入, 1, 17.11809565095832
導出, 1, 17.11809565095832
小, 1, 17.11809565095832
小中学校, 1, 17.11809565095832
小南, 1, 17.11809565095832
小学校, 1, 17.11809565095832
小清水, 1, 17.11809565095832
少々, 1, 17.11809565095832
少し, 1, 17.11809565095832
少年, 1, 17.11809565095832
少量, 1, 17.11809565095832
尺度, 1, 17.11809565095832
尿意, 1, 17.11809565095832
局, 1, 17.11809565095832
局所, 1, 17.11809565095832
居る, 1, 17.11809565095832
届け, 1, 17.11809565095832
屋, 1, 17.11809565095832
展, 1, 17.11809565095832
展開, 1, 17.11809565095832
山上, 1, 17.11809565095832
山田, 1, 17.11809565095832
岡部, 1, 17.11809565095832
岼, 1, 17.11809565095832
崎, 1, 17.11809565095832
崩す, 1, 17.11809565095832
巣窟, 1, 17.11809565095832
工大, 1, 17.11809565095832
工数, 1, 17.11809565095832
巨大, 1, 17.11809565095832
差, 1, 17.11809565095832
市, 1, 17.11809565095832
市民, 1, 17.11809565095832
市長, 1, 17.11809565095832
帰り, 1, 17.11809565095832
帰る, 1, 17.11809565095832
帰れる, 1, 17.11809565095832
帳, 1, 34.23619130191664
常に, 1, 17.11809565095832
常時, 1, 17.11809565095832
幅, 1, 17.11809565095832
幕, 1, 17.11809565095832
平成, 1, 17.11809565095832
年, 1, 17.11809565095832
年度, 1, 17.11809565095832
幸い, 1, 17.11809565095832
幻影, 1, 17.11809565095832
序盤, 1, 17.11809565095832
度, 1, 17.11809565095832
座, 1, 17.11809565095832
座る, 1, 17.11809565095832
廃止, 1, 17.11809565095832
延々, 1, 17.11809565095832
弊, 1, 17.11809565095832
弊社, 1, 17.11809565095832
式, 1, 17.11809565095832
式典, 1, 17.11809565095832
引っかかる, 1, 17.11809565095832
引っ張る, 1, 17.11809565095832
引数, 1, 17.11809565095832
引用, 1, 34.23619130191664
弟, 1, 17.11809565095832
弥, 1, 17.11809565095832
弱, 1, 17.11809565095832
張る, 1, 17.11809565095832
強, 1, 17.11809565095832
強制, 1, 17.11809565095832
強引, 1, 17.11809565095832
強硬, 1, 17.11809565095832
強行, 1, 17.11809565095832
弾, 1, 17.11809565095832
当日, 1, 17.11809565095832
当時, 1, 17.11809565095832
当然, 1, 17.11809565095832
形, 1, 17.11809565095832
形式, 1, 17.11809565095832
形態素, 1, 17.11809565095832
彩る, 1, 17.11809565095832
影響, 1, 17.11809565095832
役職, 1, 17.11809565095832
彼, 1, 17.11809565095832
彼女, 1, 17.11809565095832
彼氏, 1, 17.11809565095832
往年, 1, 17.11809565095832
待ち, 1, 17.11809565095832
待つ, 1, 17.11809565095832
待てる, 1, 17.11809565095832
律, 1, 17.11809565095832
後, 1, 17.11809565095832
後で, 1, 17.11809565095832
後半, 1, 17.11809565095832
後回し, 1, 17.11809565095832
後輩, 1, 17.11809565095832
得, 1, 17.11809565095832
得する, 1, 17.11809565095832
得る, 1, 17.11809565095832
御, 1, 17.11809565095832
復元, 1, 17.11809565095832
復帰, 1, 17.11809565095832
復旧, 1, 17.11809565095832
復習, 1, 17.11809565095832
心, 1, 17.11809565095832
必ず, 1, 17.11809565095832
必要, 1, 17.11809565095832
必須, 1, 17.11809565095832
志摩, 1, 17.11809565095832
忘れる, 1, 17.11809565095832
応募, 1, 51.35428695287496
応用, 1, 17.11809565095832
快楽, 1, 17.11809565095832
怒る, 1, 17.11809565095832
思い出す, 1, 17.11809565095832
思い込み, 1, 17.11809565095832
思う, 2, 17.11809565095832
思う存分, 1, 17.11809565095832
性, 1, 17.11809565095832
性的, 1, 17.11809565095832
性能, 1, 17.11809565095832
恋人, 1, 17.11809565095832
恋愛, 1, 17.11809565095832
恐れ入る, 1, 17.11809565095832
息, 1, 17.11809565095832
悟, 1, 17.11809565095832
悪戦苦闘, 1, 17.11809565095832
情報, 1, 17.11809565095832
情報処理, 1, 17.11809565095832
想い, 1, 17.11809565095832
想像, 1, 17.11809565095832
意味, 1, 17.11809565095832
意識, 1, 17.11809565095832
感, 1, 17.11809565095832
感じ, 1, 17.11809565095832
感じる, 1, 17.11809565095832
感情, 1, 17.11809565095832
感想, 1, 17.11809565095832
感染, 1, 17.11809565095832
感覚, 1, 34.23619130191664
慢心, 1, 17.11809565095832
慣れる, 1, 17.11809565095832
慶, 1, 17.11809565095832
慶応義塾大学, 1, 68.47238260383328
懇談, 1, 17.11809565095832
懲罰, 1, 17.11809565095832
成る, 1, 17.11809565095832
成功, 1, 17.11809565095832
我が国, 1, 17.11809565095832
我が物顔, 1, 17.11809565095832
我慢, 1, 17.11809565095832
戦, 1, 17.11809565095832
戦略, 1, 17.11809565095832
戻る, 1, 17.11809565095832
所, 1, 17.11809565095832
所属, 1, 17.11809565095832
扇子, 1, 17.11809565095832
手紙, 1, 17.11809565095832
才, 1, 17.11809565095832
打ち直す, 1, 17.11809565095832
打てる, 1, 17.11809565095832
払う, 1, 17.11809565095832
托, 1, 17.11809565095832
扱う, 1, 17.11809565095832
扱える, 1, 17.11809565095832
技, 1, 17.11809565095832
技術, 1, 17.11809565095832
投げる, 1, 34.23619130191664
投与, 1, 17.11809565095832
投票, 1, 17.11809565095832
投稿, 1, 17.11809565095832
抗う, 1, 17.11809565095832
折り返し, 1, 17.11809565095832
折角, 1, 17.11809565095832
抜き, 1, 17.11809565095832
抜け出せる, 1, 17.11809565095832
抜群, 1, 17.11809565095832
押す, 1, 17.11809565095832
抽出, 1, 17.11809565095832
担任, 1, 34.23619130191664
担当, 1, 17.11809565095832
拙い, 1, 17.11809565095832
招く, 1, 17.11809565095832
拡張, 1, 17.11809565095832
括る, 1, 17.11809565095832
拳, 1, 17.11809565095832
持, 1, 17.11809565095832
持ち出す, 1, 17.11809565095832
持つ, 1, 17.11809565095832
指, 1, 17.11809565095832
指導, 1, 34.23619130191664
指摘, 1, 17.11809565095832
指示, 1, 17.11809565095832
挑戦, 1, 17.11809565095832
挙げ句, 1, 17.11809565095832
振る, 1, 17.11809565095832
捌ける, 1, 17.11809565095832
捨てる, 1, 17.11809565095832
掃除, 1, 17.11809565095832
授業, 1, 17.11809565095832
掛け算, 1, 17.11809565095832
採取, 1, 17.11809565095832
採用, 1, 17.11809565095832
探す, 1, 17.11809565095832
探索, 1, 17.11809565095832
接続, 1, 51.35428695287496
控え室, 1, 17.11809565095832
推定, 1, 17.11809565095832
掲載, 1, 17.11809565095832
揃う, 1, 17.11809565095832
揉む, 1, 17.11809565095832
描く, 1, 17.11809565095832
描画, 1, 17.11809565095832
提供, 1, 17.11809565095832
提出, 1, 17.11809565095832
提案, 1, 17.11809565095832
撤回, 1, 17.11809565095832
撮る, 1, 34.23619130191664
撮影, 1, 17.11809565095832
撲滅, 1, 17.11809565095832
操作, 1, 17.11809565095832
支援, 1, 17.11809565095832
改め, 1, 17.11809565095832
改竄, 1, 17.11809565095832
改行, 1, 17.11809565095832
放つ, 1, 17.11809565095832
放映, 1, 17.11809565095832
放置, 1, 17.11809565095832
放送, 1, 17.11809565095832
政権, 1, 17.11809565095832
政治, 1, 17.11809565095832
救う, 1, 17.11809565095832
救済, 1, 17.11809565095832
教える, 1, 17.11809565095832
教員, 1, 51.35428695287496
教室, 1, 34.23619130191664
教授, 1, 17.11809565095832
教科書, 1, 17.11809565095832
教育, 1, 17.11809565095832
数, 1, 17.11809565095832
数える, 1, 17.11809565095832
数学, 1, 17.11809565095832
整形, 1, 17.11809565095832
整数, 1, 34.23619130191664
文, 1, 17.11809565095832
文化, 1, 17.11809565095832
文字, 1, 17.11809565095832
文字数, 1, 17.11809565095832
文献, 1, 17.11809565095832
文科, 1, 17.11809565095832
文章, 1, 17.11809565095832
文系, 1, 17.11809565095832
文部, 1, 17.11809565095832
料, 1, 17.11809565095832
断る, 1, 17.11809565095832
新, 1, 17.11809565095832
新た, 1, 17.11809565095832
新人, 1, 34.23619130191664
新作, 1, 17.11809565095832
新入, 1, 17.11809565095832
方, 2, 17.11809565095832
方々, 1, 17.11809565095832
方式, 1, 17.11809565095832
方法, 1, 34.23619130191664
既に, 1, 17.11809565095832
日, 1, 17.11809565095832
日本, 1, 17.11809565095832
日本語, 1, 17.11809565095832
日誌, 1, 17.11809565095832
日間, 1, 17.11809565095832
旧, 1, 17.11809565095832
早まる, 1, 17.11809565095832
早起き, 1, 17.11809565095832
明後日, 1, 17.11809565095832
明日, 1, 17.11809565095832
明日香, 1, 17.11809565095832
明瞭, 1, 17.11809565095832
明示, 1, 17.11809565095832
昔, 1, 17.11809565095832
映像, 1, 17.11809565095832
映画, 1, 17.11809565095832
春, 1, 17.11809565095832
春期, 1, 17.11809565095832
昨日, 1, 17.11809565095832
是非, 1, 17.11809565095832
昴, 1, 17.11809565095832
昼, 1, 17.11809565095832
昼前, 1, 17.11809565095832
昼寝, 1, 17.11809565095832
時, 1, 17.11809565095832
時代, 1, 17.11809565095832
時刻, 1, 17.11809565095832
時半, 1, 17.11809565095832
時計, 1, 17.11809565095832
時間, 1, 17.11809565095832
普段, 1, 17.11809565095832
普通, 1, 17.11809565095832
暇, 1, 17.11809565095832
暗記, 1, 17.11809565095832
暗黒, 1, 17.11809565095832
暗黙, 1, 17.11809565095832
暴走, 1, 17.11809565095832
曲, 1, 17.11809565095832
曲がる, 1, 17.11809565095832
更新, 1, 17.11809565095832
書, 1, 34.23619130191664
書き換える, 1, 17.11809565095832
書く, 1, 17.11809565095832
書ける, 1, 17.11809565095832
最も, 1, 17.11809565095832
最低, 1, 17.11809565095832
最初, 1, 17.11809565095832
最後, 1, 17.11809565095832
最悪, 1, 17.11809565095832
最高, 1, 17.11809565095832
月, 1, 17.11809565095832
月曜日, 1, 17.11809565095832
有効, 1, 17.11809565095832
有料, 1, 17.11809565095832
有能, 1, 17.11809565095832
服, 1, 17.11809565095832
朝, 1, 17.11809565095832
期, 1, 17.11809565095832
期待, 1, 17.11809565095832
期間, 1, 17.11809565095832
木, 1, 17.11809565095832
木村, 1, 17.11809565095832
木部, 1, 17.11809565095832
未, 1, 17.11809565095832
未だに, 1, 17.11809565095832
未定, 1, 17.11809565095832
未来, 1, 17.11809565095832
末, 1, 17.11809565095832
本, 1, 17.11809565095832
本体, 1, 17.11809565095832
本当, 1, 17.11809565095832
本当に, 2, 17.11809565095832
本戦, 1, 17.11809565095832
本数, 1, 17.11809565095832
本日, 1, 17.11809565095832
本気, 1, 17.11809565095832
本番, 1, 17.11809565095832
材料, 1, 17.11809565095832
来, 1, 17.11809565095832
来る, 1, 17.11809565095832
来店, 1, 17.11809565095832
来週, 1, 17.11809565095832
杯, 1, 34.23619130191664
東京, 1, 17.11809565095832
東京工業大学, 1, 17.11809565095832
東大, 1, 17.11809565095832
東山, 1, 17.11809565095832
松, 1, 17.11809565095832
松岡, 1, 17.11809565095832
枚, 1, 17.11809565095832
格好, 1, 17.11809565095832
桂, 1, 17.11809565095832
案の定, 1, 17.11809565095832
案件, 1, 17.11809565095832
案外, 1, 17.11809565095832
桜井, 1, 17.11809565095832
森, 1, 17.11809565095832
椅子, 1, 17.11809565095832
検査, 1, 17.11809565095832
検索, 1, 17.11809565095832
楢, 1, 17.11809565095832
業務, 1, 17.11809565095832
業者, 1, 34.23619130191664
極端, 1, 17.11809565095832
楼, 1, 17.11809565095832
楽, 1, 17.11809565095832
楽しむ, 1, 17.11809565095832
楽しめる, 1, 17.11809565095832
楽器, 1, 17.11809565095832
楽曲, 1, 17.11809565095832
概念的, 1, 17.11809565095832
構う, 1, 17.11809565095832
構想, 1, 17.11809565095832
構築, 1, 17.11809565095832
構造, 1, 17.11809565095832
様, 1, 17.11809565095832
様子, 1, 17.11809565095832
樒, 1, 17.11809565095832
標準, 1, 17.11809565095832
樟, 1, 17.11809565095832
模様, 1, 17.11809565095832
権, 1, 17.11809565095832
権限, 1, 34.23619130191664
横, 1, 17.11809565095832
機, 1, 17.11809565095832
機会, 1, 17.11809565095832
機械, 1, 17.11809565095832
機能, 1, 17.11809565095832
欄, 1, 17.11809565095832
欠, 1, 17.11809565095832
次, 1, 17.11809565095832
次回, 1, 17.11809565095832
歌, 1, 17.11809565095832
歌う, 1, 17.11809565095832
止まる, 1, 17.11809565095832
止める, 1, 17.11809565095832
正常, 1, 17.11809565095832
正式, 1, 17.11809565095832
正直, 1, 17.11809565095832
正論, 1, 17.11809565095832
武人, 1, 17.11809565095832
歩く, 1, 34.23619130191664
歯, 1, 17.11809565095832
歯科, 1, 17.11809565095832
歳, 1, 17.11809565095832
死, 1, 17.11809565095832
死にかける, 1, 17.11809565095832
死ぬ, 1, 17.11809565095832
死ねる, 1, 17.11809565095832
残り, 1, 17.11809565095832
残る, 1, 17.11809565095832
残念, 1, 17.11809565095832
殴る, 1, 17.11809565095832
殺し文句, 1, 17.11809565095832
母, 1, 17.11809565095832
毎年, 1, 17.11809565095832
毎日, 1, 17.11809565095832
毒, 1, 34.23619130191664
比べる, 1, 17.11809565095832
比較, 1, 51.35428695287496
毛, 1, 17.11809565095832
気, 1, 17.11809565095832
気づく, 1, 17.11809565095832
気分, 2, 17.11809565095832
気持ち, 1, 17.11809565095832
気持ちよい, 1, 17.11809565095832
気軽, 1, 17.11809565095832
水, 1, 17.11809565095832
水曜日, 1, 17.11809565095832
氷, 1, 17.11809565095832
永遠, 1, 17.11809565095832
求める, 1, 17.11809565095832
決まり, 1, 17.11809565095832
決める, 1, 17.11809565095832
決勝, 1, 17.11809565095832
決定, 1, 17.11809565095832
油, 1, 17.11809565095832
治る, 1, 17.11809565095832
泊, 1, 17.11809565095832
法, 1, 17.11809565095832
法則, 1, 17.11809565095832
泣く, 1, 17.11809565095832
泥沼, 1, 17.11809565095832
注ぐ, 1, 17.11809565095832
注射, 1, 17.11809565095832
注意, 1, 17.11809565095832
注文, 1, 34.23619130191664
洗濯, 1, 17.11809565095832
活, 1, 17.11809565095832
派遣, 1, 17.11809565095832
流, 1, 17.11809565095832
流し込む, 1, 17.11809565095832
流れ, 1, 17.11809565095832
流れる, 1, 17.11809565095832
流体, 1, 17.11809565095832
流出, 1, 17.11809565095832
浪費, 1, 17.11809565095832
消える, 1, 17.11809565095832
消し, 1, 17.11809565095832
消す, 1, 17.11809565095832
消せる, 1, 17.11809565095832
消化, 1, 17.11809565095832
消失, 1, 17.11809565095832
消火, 1, 17.11809565095832
淘汰, 1, 17.11809565095832
混ぜ合う, 1, 34.23619130191664
減らす, 1, 17.11809565095832
減る, 1, 17.11809565095832
渡し, 1, 17.11809565095832
渡す, 1, 17.11809565095832
港湾, 1, 17.11809565095832
満, 1, 17.11809565095832
満たす, 1, 17.11809565095832
満ちる, 1, 17.11809565095832
満腹, 1, 17.11809565095832
満足, 1, 17.11809565095832
準, 1, 17.11809565095832
準備, 1, 17.11809565095832
溢れる, 1, 17.11809565095832
溯る, 1, 17.11809565095832
溶く, 1, 17.11809565095832
滑る, 1, 17.11809565095832
演算, 1, 17.11809565095832
演習, 2, 17.11809565095832
漢字, 1, 17.11809565095832
漫画, 1, 17.11809565095832
潜水, 1, 17.11809565095832
激, 1, 17.11809565095832
激怒, 1, 17.11809565095832
瀬, 1, 17.11809565095832
灘, 1, 17.11809565095832
炒める, 1, 51.35428695287496
点, 1, 17.11809565095832
点数, 1, 17.11809565095832
為, 1, 17.11809565095832
無くなる, 1, 17.11809565095832
無意味, 1, 17.11809565095832
無慈悲, 1, 17.11809565095832
無料, 1, 17.11809565095832
無理, 1, 17.11809565095832
無理矢理, 1, 17.11809565095832
無礼, 1, 17.11809565095832
無視, 1, 17.11809565095832
無言, 1, 17.11809565095832
無音, 1, 17.11809565095832
無駄, 1, 17.11809565095832
焼く, 1, 17.11809565095832
焼ける, 1, 17.11809565095832
焼津, 1, 17.11809565095832
煎餅, 1, 17.11809565095832
煮える, 1, 17.11809565095832
熱, 1, 17.11809565095832
熱湯, 1, 17.11809565095832
燃焼, 1, 17.11809565095832
爆破, 1, 17.11809565095832
父, 1, 17.11809565095832
父母, 1, 17.11809565095832
版, 1, 17.11809565095832
物, 1, 17.11809565095832
物事, 1, 17.11809565095832
物体, 1, 17.11809565095832
物干し, 1, 17.11809565095832
物理, 1, 17.11809565095832
特別, 1, 17.11809565095832
特定, 1, 17.11809565095832
特徴, 1, 17.11809565095832
特攻, 1, 17.11809565095832
特殊, 1, 17.11809565095832
特番, 1, 17.11809565095832
特許, 1, 17.11809565095832
状態, 1, 17.11809565095832
状況, 1, 17.11809565095832
狗, 1, 17.11809565095832
狩る, 1, 17.11809565095832
玄関, 1, 17.11809565095832
率, 1, 17.11809565095832
玉, 1, 17.11809565095832
王, 1, 34.23619130191664
現, 1, 17.11809565095832
現れる, 1, 17.11809565095832
現在, 1, 17.11809565095832
現実, 1, 17.11809565095832
現実味, 1, 17.11809565095832
現象, 1, 17.11809565095832
球, 1, 17.11809565095832
理学部, 1, 85.5904782547916
理由, 1, 17.11809565095832
理系, 1, 17.11809565095832
理解, 1, 17.11809565095832
琴, 1, 17.11809565095832
環境, 1, 17.11809565095832
生, 1, 17.11809565095832
生える, 1, 17.11809565095832
生きる, 1, 17.11809565095832
生まれる, 1, 17.11809565095832
生成, 1, 17.11809565095832
生放送, 1, 17.11809565095832
生活, 1, 17.11809565095832
生涯, 1, 17.11809565095832
生物, 1, 17.11809565095832
生食, 1, 17.11809565095832
生魚, 1, 17.11809565095832
産, 1, 17.11809565095832
用, 1, 17.11809565095832
用意, 1, 17.11809565095832
用途, 1, 17.11809565095832
田舎, 1, 17.11809565095832
由里, 1, 17.11809565095832
申し訳, 1, 17.11809565095832
申す, 1, 17.11809565095832
男, 1, 17.11809565095832
男の子, 1, 17.11809565095832
男子校, 1, 17.11809565095832
男性, 1, 17.11809565095832
男根, 1, 17.11809565095832
町, 1, 17.11809565095832
画像, 1, 17.11809565095832
画質, 1, 17.11809565095832
画面, 1, 17.11809565095832
畑, 1, 17.11809565095832
番組, 1, 17.11809565095832
異聞, 1, 34.23619130191664
疑惑, 1, 17.11809565095832
疲弊, 1, 17.11809565095832
病院, 1, 17.11809565095832
発動, 1, 17.11809565095832
発売, 1, 17.11809565095832
発想, 1, 17.11809565095832
発注, 1, 17.11809565095832
発狂, 1, 17.11809565095832
発生, 1, 17.11809565095832
発表, 1, 17.11809565095832
発見, 1, 17.11809565095832
発言, 1, 17.11809565095832
登場, 1, 17.11809565095832
登録, 1, 17.11809565095832
白紙, 1, 17.11809565095832
白菜, 1, 17.11809565095832
百, 1, 17.11809565095832
的, 1, 17.11809565095832
的中, 1, 17.11809565095832
皆さん, 1, 17.11809565095832
皆様, 1, 17.11809565095832
皿, 1, 17.11809565095832
盛り付ける, 1, 17.11809565095832
監視, 1, 17.11809565095832
盤, 1, 17.11809565095832
目, 1, 17.11809565095832
目指す, 1, 17.11809565095832
目標, 1, 17.11809565095832
目立つ, 1, 17.11809565095832
目覚める, 1, 17.11809565095832
目論む, 1, 17.11809565095832
直す, 1, 17.11809565095832
直前, 1, 17.11809565095832
直後, 1, 17.11809565095832
相変わらず, 1, 17.11809565095832
相応しい, 1, 17.11809565095832
相性, 1, 17.11809565095832
相手, 1, 17.11809565095832
相撲, 1, 17.11809565095832
相談, 1, 17.11809565095832
盾, 1, 17.11809565095832
省, 1, 17.11809565095832
県, 1, 17.11809565095832
真ん中, 1, 17.11809565095832
真摯, 1, 17.11809565095832
眠, 1, 17.11809565095832
眠れる, 1, 17.11809565095832
眼鏡, 1, 17.11809565095832
着せる, 1, 17.11809565095832
着る, 1, 17.11809565095832
睾丸, 1, 17.11809565095832
瞬く, 1, 17.11809565095832
瞬間, 1, 17.11809565095832
矛盾, 1, 17.11809565095832
知り合い, 1, 34.23619130191664
知り合う, 1, 17.11809565095832
知る, 1, 17.11809565095832
知恵袋, 1, 17.11809565095832
知的, 1, 17.11809565095832
知能, 1, 17.11809565095832
知識, 1, 17.11809565095832
矩, 1, 17.11809565095832
研, 1, 17.11809565095832
研究, 1, 17.11809565095832
破壊, 1, 17.11809565095832
碁, 1, 17.11809565095832
確か, 1, 17.11809565095832
確かめる, 1, 17.11809565095832
確定, 1, 17.11809565095832
確実, 1, 17.11809565095832
社会, 1, 17.11809565095832
社員, 1, 17.11809565095832
社長, 1, 17.11809565095832
祝う, 1, 17.11809565095832
神, 1, 17.11809565095832
神話, 1, 34.23619130191664
票, 1, 17.11809565095832
祭, 1, 17.11809565095832
禎, 1, 17.11809565095832
福原, 1, 17.11809565095832
福島, 1, 17.11809565095832
私, 1, 17.11809565095832
秋, 1, 17.11809565095832
秋期, 1, 17.11809565095832
科, 1, 17.11809565095832
科学, 1, 17.11809565095832
移す, 1, 17.11809565095832
移る, 1, 17.11809565095832
移動, 1, 17.11809565095832
移行, 1, 17.11809565095832
移設, 1, 17.11809565095832
移転, 1, 17.11809565095832
程, 1, 17.11809565095832
程度, 1, 17.11809565095832
税, 1, 17.11809565095832
種類, 1, 17.11809565095832
稼動, 1, 17.11809565095832
積極, 1, 17.11809565095832
空く, 1, 17.11809565095832
空手, 1, 17.11809565095832
空気, 1, 17.11809565095832
空白, 1, 17.11809565095832
空腹, 1, 17.11809565095832
空間, 1, 17.11809565095832
突然, 1, 17.11809565095832
突破, 1, 17.11809565095832
立てる, 1, 17.11809565095832
立体, 1, 17.11809565095832
竜, 1, 17.11809565095832
童貞, 1, 34.23619130191664
競技, 1, 17.11809565095832
笑, 1, 17.11809565095832
笑う, 1, 17.11809565095832
笑える, 1, 17.11809565095832
笑顔, 1, 17.11809565095832
第, 1, 17.11809565095832
等, 1, 17.11809565095832
答える, 1, 17.11809565095832
算数, 1, 17.11809565095832
管理, 1, 17.11809565095832
篇, 1, 17.11809565095832
篭城, 1, 17.11809565095832
簡単, 1, 17.11809565095832
粉, 1, 17.11809565095832
精, 1, 34.23619130191664
精神, 1, 17.11809565095832
系, 1, 17.11809565095832
約, 1, 17.11809565095832
紅茶, 1, 17.11809565095832
紙, 1, 17.11809565095832
級, 1, 17.11809565095832
素振り, 2, 17.11809565095832
素材, 1, 17.11809565095832
素直, 1, 17.11809565095832
細胞, 1, 17.11809565095832
細谷, 1, 17.11809565095832
紹介, 1, 17.11809565095832
終わる, 1, 17.11809565095832
終了, 1, 17.11809565095832
経営, 1, 17.11809565095832
経済学部, 1, 68.47238260383328
経路, 1, 17.11809565095832
経験, 1, 17.11809565095832
結びつく, 1, 17.11809565095832
結び付く, 1, 17.11809565095832
結婚, 1, 17.11809565095832
結局, 1, 17.11809565095832
結果, 1, 17.11809565095832
結構, 1, 17.11809565095832
結論, 1, 17.11809565095832
給料, 1, 17.11809565095832
統計, 1, 17.11809565095832
絵心, 1, 34.23619130191664
絵文字, 1, 17.11809565095832
絶対, 1, 17.11809565095832
継続, 1, 17.11809565095832
続ける, 1, 17.11809565095832
綴り, 1, 17.11809565095832
総合, 1, 17.11809565095832
線, 1, 17.11809565095832
線表, 1, 17.11809565095832
練習, 1, 17.11809565095832
縁, 1, 17.11809565095832
縛る, 1, 17.11809565095832
縦, 1, 51.35428695287496
繋がる, 1, 17.11809565095832
繋げる, 1, 17.11809565095832
缶, 1, 17.11809565095832
罪, 1, 17.11809565095832
罪悪, 1, 17.11809565095832
美, 1, 17.11809565095832
美人, 1, 17.11809565095832
羽, 1, 17.11809565095832
習う, 1, 17.11809565095832
習得, 1, 17.11809565095832
翻訳, 1, 17.11809565095832
老い, 1, 17.11809565095832
老眼鏡, 1, 17.11809565095832
考える, 1, 17.11809565095832
考察, 1, 17.11809565095832
者, 1, 17.11809565095832
耐える, 1, 17.11809565095832
耐性, 1, 17.11809565095832
聞く, 1, 17.11809565095832
聞こえる, 1, 17.11809565095832
聴講, 1, 17.11809565095832
職員, 1, 17.11809565095832
育, 1, 17.11809565095832
胃, 1, 17.11809565095832
背, 1, 17.11809565095832
背景, 1, 17.11809565095832
胡椒, 1, 17.11809565095832
胸, 1, 17.11809565095832
能力, 1, 17.11809565095832
脇, 1, 17.11809565095832
脱がす, 1, 17.11809565095832
脱毛, 1, 17.11809565095832
脳, 1, 17.11809565095832
腐る, 1, 17.11809565095832
腕前, 1, 17.11809565095832
腹痛, 1, 17.11809565095832
自, 1, 17.11809565095832
自分, 1, 17.11809565095832
自動, 1, 17.11809565095832
自宅, 1, 17.11809565095832
自己, 1, 17.11809565095832
自然, 1, 17.11809565095832
自衛, 1, 17.11809565095832
自覚, 1, 17.11809565095832
自転車, 1, 17.11809565095832
臭, 1, 17.11809565095832
至近, 1, 17.11809565095832
致す, 1, 17.11809565095832
興味, 1, 17.11809565095832
舌, 1, 17.11809565095832
舞子, 1, 17.11809565095832
舟橋, 1, 17.11809565095832
艦, 1, 17.11809565095832
良, 1, 17.11809565095832
良平, 1, 17.11809565095832
色々, 1, 17.11809565095832
芯, 1, 17.11809565095832
花札, 1, 17.11809565095832
芸能, 1, 17.11809565095832
苦手, 1, 17.11809565095832
英, 1, 17.11809565095832
英志, 1, 17.11809565095832
英語, 1, 34.23619130191664
茶碗, 1, 17.11809565095832
草, 1, 17.11809565095832
荷, 1, 17.11809565095832
莨, 1, 17.11809565095832
菓子, 1, 17.11809565095832
菫, 1, 16.01948336229021
華やか, 1, 17.11809565095832
萌える, 1, 17.11809565095832
萎える, 1, 17.11809565095832
落ちる, 1, 17.11809565095832
落ち着く, 1, 17.11809565095832
著作, 1, 17.11809565095832
蔓延, 1, 17.11809565095832
薙, 1, 17.11809565095832
蘭, 1, 17.11809565095832
蛟, 1, 17.11809565095832
蛯, 1, 17.11809565095832
蛻, 1, 17.11809565095832
蜑, 1, 17.11809565095832
蜜蜂, 1, 34.23619130191664
蜷, 1, 17.11809565095832
蝗, 1, 17.11809565095832
蟇, 1, 13.940041820610373
血族, 1, 17.11809565095832
血液, 1, 17.11809565095832
行, 1, 17.11809565095832
行う, 1, 17.11809565095832
行く, 1, 17.11809565095832
行ける, 1, 17.11809565095832
行動, 1, 17.11809565095832
術, 1, 17.11809565095832
衝撃, 1, 17.11809565095832
表, 1, 17.11809565095832
表れる, 1, 17.11809565095832
表情, 1, 17.11809565095832
表現, 1, 17.11809565095832
表示, 1, 17.11809565095832
表紙, 1, 17.11809565095832
表記, 1, 17.11809565095832
表題, 1, 17.11809565095832
補給, 1, 17.11809565095832
裸眼, 1, 17.11809565095832
製図, 1, 17.11809565095832
褒めちぎる, 1, 17.11809565095832
襲う, 1, 17.11809565095832
西, 1, 17.11809565095832
要る, 1, 17.11809565095832
要約, 1, 17.11809565095832
要素, 1, 17.11809565095832
覆す, 1, 17.11809565095832
見える, 1, 17.11809565095832
見せつける, 1, 17.11809565095832
見つかる, 1, 17.11809565095832
見つける, 1, 17.11809565095832
見る, 1, 17.11809565095832
見れる, 1, 17.11809565095832
見学, 1, 17.11809565095832
見当たる, 1, 17.11809565095832
見習う, 1, 17.11809565095832
見逃す, 1, 17.11809565095832
規制, 1, 34.23619130191664
規則正しい, 1, 17.11809565095832
視点, 1, 17.11809565095832
覗く, 1, 17.11809565095832
覚える, 1, 17.11809565095832
親告罪, 1, 17.11809565095832
角, 1, 17.11809565095832
解く, 1, 17.11809565095832
解ける, 1, 17.11809565095832
解る, 1, 17.11809565095832
解放, 1, 17.11809565095832
解析, 1, 34.23619130191664
解説, 1, 17.11809565095832
触る, 1, 17.11809565095832
言う, 2, 17.11809565095832
言える, 1, 17.11809565095832
言葉, 1, 17.11809565095832
言語, 1, 17.11809565095832
訂正, 1, 17.11809565095832
計算, 1, 17.11809565095832
記事, 1, 17.11809565095832
記念, 1, 17.11809565095832
記述, 1, 17.11809565095832
記録, 1, 17.11809565095832
設定, 1, 17.11809565095832
設計, 1, 17.11809565095832
許す, 1, 17.11809565095832
診断, 1, 17.11809565095832
評価, 1, 17.11809565095832
試し, 1, 17.11809565095832
試す, 1, 17.11809565095832
試験, 1, 17.11809565095832
詭弁, 1, 17.11809565095832
話, 1, 17.11809565095832
話す, 1, 17.11809565095832
話題, 1, 17.11809565095832
詳細, 1, 17.11809565095832
認める, 1, 17.11809565095832
認証, 1, 17.11809565095832
認識, 1, 17.11809565095832
誕生, 1, 17.11809565095832
誘う, 1, 17.11809565095832
語る, 1, 17.11809565095832
語呂, 1, 17.11809565095832
誤植, 1, 17.11809565095832
誤解, 1, 17.11809565095832
説, 1, 17.11809565095832
説得, 1, 17.11809565095832
説明, 1, 17.11809565095832
読む, 1, 17.11809565095832
読売, 1, 17.11809565095832
誰, 1, 17.11809565095832
課す, 1, 17.11809565095832
課税, 1, 17.11809565095832
調, 1, 17.11809565095832
調べる, 1, 17.11809565095832
調味, 1, 17.11809565095832
調子, 1, 17.11809565095832
調達, 1, 17.11809565095832
論文, 1, 17.11809565095832
諡, 1, 17.11809565095832
諦める, 1, 17.11809565095832
諸星, 1, 17.11809565095832
謎, 1, 17.11809565095832
謗る, 1, 17.11809565095832
講座, 1, 17.11809565095832
講究, 1, 17.11809565095832
講義, 1, 17.11809565095832
謝礼, 1, 17.11809565095832
譏る, 1, 17.11809565095832
譚, 1, 17.11809565095832
議員, 1, 17.11809565095832
讓, 1, 17.11809565095832
谺, 1, 17.11809565095832
豊崎, 1, 17.11809565095832
豕, 1, 17.11809565095832
豚肉, 1, 17.11809565095832
豪華, 1, 17.11809565095832
貞, 1, 17.11809565095832
財布, 1, 17.11809565095832
財産, 1, 17.11809565095832
販売, 1, 17.11809565095832
買い, 1, 17.11809565095832
買い求める, 1, 17.11809565095832
買い物, 1, 17.11809565095832
買い込む, 1, 17.11809565095832
買う, 1, 17.11809565095832
買春, 1, 17.11809565095832
費やす, 1, 17.11809565095832
貼る, 1, 17.11809565095832
賃金, 1, 17.11809565095832
賞, 1, 17.11809565095832
質問, 1, 17.11809565095832
購入, 1, 17.11809565095832
走る, 1, 17.11809565095832
走馬灯, 1, 17.11809565095832
起きる, 1, 17.11809565095832
起こる, 1, 17.11809565095832
起動, 1, 17.11809565095832
越える, 1, 17.11809565095832
越し, 1, 17.11809565095832
趣旨, 1, 17.11809565095832
足, 1, 17.11809565095832
足利, 1, 17.11809565095832
足跡, 1, 17.11809565095832
距離, 1, 17.11809565095832
踊る, 1, 17.11809565095832
身, 1, 17.11809565095832
身体, 1, 17.11809565095832
転居, 1, 17.11809565095832
輪っか, 1, 17.11809565095832
轟, 1, 17.11809565095832
農学部, 1, 68.47238260383328
辺, 1, 17.11809565095832
辺野古, 1, 17.11809565095832
込, 1, 17.11809565095832
近く, 1, 17.11809565095832
近づく, 1, 17.11809565095832
返事, 1, 17.11809565095832
返品, 1, 17.11809565095832
迫真, 1, 17.11809565095832
迷い, 1, 17.11809565095832
迷惑, 1, 17.11809565095832
迷走, 1, 17.11809565095832
追い込む, 1, 17.11809565095832
追加, 1, 17.11809565095832
追記, 1, 17.11809565095832
送る, 1, 17.11809565095832
逆, 1, 17.11809565095832
透明, 1, 17.11809565095832
途中, 1, 17.11809565095832
通, 1, 17.11809565095832
通り, 1, 17.11809565095832
通常, 1, 17.11809565095832
通過, 1, 17.11809565095832
速, 1, 17.11809565095832
速報, 1, 17.11809565095832
速度, 1, 17.11809565095832
連れる, 1, 17.11809565095832
連呼, 1, 17.11809565095832
連盟, 1, 17.11809565095832
連絡, 1, 17.11809565095832
連続, 1, 17.11809565095832
連載, 1, 17.11809565095832
週末, 1, 17.11809565095832
週間, 1, 17.11809565095832
進む, 1, 17.11809565095832
進める, 1, 17.11809565095832
進出, 1, 17.11809565095832
進捗, 1, 17.11809565095832
進撃, 1, 17.11809565095832
進行, 1, 17.11809565095832
遅れる, 1, 17.11809565095832
遅延, 1, 17.11809565095832
遊び, 1, 17.11809565095832
遊ぶ, 2, 17.11809565095832
遊べる, 1, 17.11809565095832
運営, 1, 17.11809565095832
運転, 1, 17.11809565095832
過ぎる, 1, 17.11809565095832
道理, 1, 17.11809565095832
道連れ, 1, 17.11809565095832
達, 1, 17.11809565095832
達成, 1, 17.11809565095832
違い, 1, 17.11809565095832
違う, 1, 17.11809565095832
違和感, 1, 17.11809565095832
遠足, 1, 17.11809565095832
適当, 1, 17.11809565095832
邪悪, 1, 17.11809565095832
邪魔, 1, 17.11809565095832
部, 1, 17.11809565095832
部分, 1, 17.11809565095832
部員, 1, 17.11809565095832
部室, 1, 17.11809565095832
部屋, 1, 17.11809565095832
部活, 1, 17.11809565095832
部長, 1, 17.11809565095832
都合, 1, 17.11809565095832
鄙, 1, 17.11809565095832
配信, 1, 17.11809565095832
配列, 1, 17.11809565095832
配布, 1, 17.11809565095832
酒, 1, 17.11809565095832
醤油, 1, 17.11809565095832
重視, 1, 17.11809565095832
野村, 1, 17.11809565095832
野獣, 1, 17.11809565095832
野球, 1, 17.11809565095832
野菜, 1, 17.11809565095832
量, 1, 17.11809565095832
金, 1, 17.11809565095832
釣る, 1, 17.11809565095832
鈴木, 1, 17.11809565095832
鉄板, 1, 17.11809565095832
銃, 1, 17.11809565095832
錯綜, 1, 17.11809565095832
録, 1, 34.23619130191664
鍋, 1, 17.11809565095832
鍵, 1, 17.11809565095832
鏡, 1, 17.11809565095832
鑑, 1, 17.11809565095832
長文, 1, 17.11809565095832
長身, 1, 17.11809565095832
閉じる, 1, 17.11809565095832
閉じ込める, 1, 17.11809565095832
開ける, 1, 17.11809565095832
開催, 1, 17.11809565095832
開始, 1, 17.11809565095832
開放, 1, 17.11809565095832
開発, 1, 17.11809565095832
開閉, 1, 17.11809565095832
間に合う, 1, 17.11809565095832
間違い, 1, 17.11809565095832
間違う, 1, 17.11809565095832
間違える, 1, 17.11809565095832
間隔, 1, 17.11809565095832
関わる, 1, 17.11809565095832
関係, 1, 17.11809565095832
関心, 1, 34.23619130191664
関数, 1, 17.11809565095832
閨, 1, 17.11809565095832
閲覧, 1, 17.11809565095832
阪, 1, 17.11809565095832
阪神, 1, 34.23619130191664
防ぐ, 1, 17.11809565095832
防げる, 1, 17.11809565095832
阻害, 1, 17.11809565095832
阻止, 1, 17.11809565095832
降りる, 1, 17.11809565095832
限, 1, 17.11809565095832
限り, 1, 17.11809565095832
陣, 1, 17.11809565095832
除外, 1, 17.11809565095832
隊員, 1, 17.11809565095832
随時, 1, 17.11809565095832
隔週, 1, 17.11809565095832
際, 1, 17.11809565095832
障る, 1, 17.11809565095832
障害, 1, 17.11809565095832
雁, 1, 17.11809565095832
集まる, 1, 17.11809565095832
集める, 1, 17.11809565095832
集合, 1, 17.11809565095832
集団, 1, 17.11809565095832
離れる, 1, 17.11809565095832
難, 1, 17.11809565095832
雨, 1, 17.11809565095832
雪, 1, 17.11809565095832
雰囲気, 1, 17.11809565095832
電源, 1, 17.11809565095832
電車, 1, 17.11809565095832
震え, 1, 17.11809565095832
青春, 1, 17.11809565095832
静か, 1, 17.11809565095832
静的, 1, 17.11809565095832
非, 1, 17.11809565095832
非同期, 1, 17.11809565095832
非常, 1, 17.11809565095832
非常勤, 1, 17.11809565095832
面, 1, 17.11809565095832
面積, 1, 34.23619130191664
音, 1, 17.11809565095832
音量, 1, 17.11809565095832
響, 1, 17.11809565095832
頂く, 1, 17.11809565095832
頂ける, 1, 17.11809565095832
頃, 1, 17.11809565095832
順位, 1, 17.11809565095832
順序, 1, 17.11809565095832
順次, 1, 17.11809565095832
頑健, 1, 17.11809565095832
頑張る, 1, 17.11809565095832
領事館, 1, 34.23619130191664
領域, 1, 17.11809565095832
頭, 1, 17.11809565095832
頼む, 1, 17.11809565095832
題, 1, 17.11809565095832
額, 1, 17.11809565095832
顔, 1, 17.11809565095832
願い, 1, 17.11809565095832
類題, 1, 17.11809565095832
風, 1, 17.11809565095832
風呂, 1, 17.11809565095832
颯爽, 1, 17.11809565095832
飛び交う, 1, 17.11809565095832
飛び起きる, 1, 17.11809565095832
食, 1, 17.11809565095832
食う, 1, 17.11809565095832
食べる, 1, 17.11809565095832
食らう, 1, 17.11809565095832
食堂, 1, 17.11809565095832
食欲, 1, 17.11809565095832
食糧, 1, 17.11809565095832
飲み干す, 1, 17.11809565095832
飲み干せる, 1, 17.11809565095832
飲む, 1, 17.11809565095832
飲食, 1, 17.11809565095832
首相, 1, 17.11809565095832
香織, 1, 17.11809565095832
駅, 1, 17.11809565095832
駆け抜ける, 1, 17.11809565095832
駐車, 1, 17.11809565095832
駒, 1, 17.11809565095832
騒動, 1, 17.11809565095832
騙す, 1, 17.11809565095832
驕る, 1, 17.11809565095832
高, 1, 17.11809565095832
高校, 1, 17.11809565095832
高校生, 1, 17.11809565095832
高等, 1, 17.11809565095832
髢, 1, 17.11809565095832
髪の毛, 1, 17.11809565095832
髱, 1, 17.11809565095832
鬆, 1, 17.11809565095832
鬘, 1, 16.424948470398377
鬨, 1, 16.424948470398377
魅せる, 1, 17.11809565095832
魅力, 1, 17.11809565095832
魔女, 1, 17.11809565095832
鳥, 1, 17.11809565095832
鴨, 1, 17.11809565095832
麺, 1, 17.11809565095832
麻雀, 1, 17.11809565095832
黒板, 1, 17.11809565095832
！, 6, 17.11809565095832
％, 1, 17.11809565095832
＆, 1, 17.11809565095832
（, 1, 17.11809565095832
）, 1, 17.11809565095832
＊, 1, 17.11809565095832
＋, 1, 17.11809565095832
，, 1, 34.23619130191664
／, 1, 17.11809565095832
１, 1, 17.11809565095832
２, 1, 17.11809565095832
３, 1, 17.11809565095832
６, 1, 17.11809565095832
７, 1, 17.11809565095832
：, 1, 34.23619130191664
＜, 1, 17.11809565095832
＝, 1, 17.11809565095832
＞, 1, 17.11809565095832
？, 1, 17.11809565095832
＠, 1, 17.11809565095832
Ｄ, 1, 17.11809565095832
Ｅ, 1, 17.11809565095832
Ｆ, 1, 17.11809565095832
Ｍ, 1, 17.11809565095832
ＴＢＳ, 1, 17.11809565095832
［, 1, 17.11809565095832
］, 1, 17.11809565095832
｀, 1, 17.11809565095832
ａ, 1, 17.11809565095832
ｂ, 1, 34.23619130191664
ｄ, 1, 17.11809565095832
ｈ, 1, 17.11809565095832
ｉ, 1, 17.11809565095832
ｊ, 1, 17.11809565095832
ｋ, 1, 17.11809565095832
ｌ, 1, 17.11809565095832
ｍ, 1, 17.11809565095832
ｒ, 1, 17.11809565095832
ｓ, 1, 17.11809565095832
ｗ, 1, 17.11809565095832
｜, 1, 17.11809565095832
￥, 1, 17.11809565095832
